[{"name":"1.消栓颗粒 (ZYB20720010551 哈药集团中药二厂 国药准字Z10940050)","url":"http://app1.sfda.gov.cn/datasearch/face3/content.jsp?tableId=22&tableName=TABLE22&tableView=%E4%B8%AD%E8%8D%AF%E4%BF%9D%E6%8A%A4%E5%93%81%E7%A7%8D&Id=2"},{"name":"2.注射用血塞通(冻干) (ZYB2072016006 哈尔滨珍宝制药有限公司 国药准字Z20026437)","url":"http://app1.sfda.gov.cn/datasearch/face3/content.jsp?tableId=22&tableName=TABLE22&tableView=%E4%B8%AD%E8%8D%AF%E4%BF%9D%E6%8A%A4%E5%93%81%E7%A7%8D&Id=3"},{"name":"3.儿泻停颗粒 (ZYB2072016004 合肥华润神鹿药业有限公司 国药准字Z19990025)","url":"http://app1.sfda.gov.cn/datasearch/face3/content.jsp?tableId=22&tableName=TABLE22&tableView=%E4%B8%AD%E8%8D%AF%E4%BF%9D%E6%8A%A4%E5%93%81%E7%A7%8D&Id=4"},{"name":"4.注射用血塞通(冻干) (ZYB2072016006-1 昆药集团股份有限公司 国药准字Z20026438)","url":"http://app1.sfda.gov.cn/datasearch/face3/content.jsp?tableId=22&tableName=TABLE22&tableView=%E4%B8%AD%E8%8D%AF%E4%BF%9D%E6%8A%A4%E5%93%81%E7%A7%8D&Id=5"},{"name":"5.胆舒胶囊 (ZYB2072015022 四川济生堂药业有限公司 国药准字Z20026078)","url":"http://app1.sfda.gov.cn/datasearch/face3/content.jsp?tableId=22&tableName=TABLE22&tableView=%E4%B8%AD%E8%8D%AF%E4%BF%9D%E6%8A%A4%E5%93%81%E7%A7%8D&Id=6"},{"name":"6.宣肺止嗽合剂 (ZYB2072016009 甘肃普安制药股份有限公司 国药准字Z20050288)","url":"http://app1.sfda.gov.cn/datasearch/face3/content.jsp?tableId=22&tableName=TABLE22&tableView=%E4%B8%AD%E8%8D%AF%E4%BF%9D%E6%8A%A4%E5%93%81%E7%A7%8D&Id=7"},{"name":"7.馥感啉口服液 (ZYB2072015028 广州一品红制药有限公司 国药准字Z20025275)","url":"http://app1.sfda.gov.cn/datasearch/face3/content.jsp?tableId=22&tableName=TABLE22&tableView=%E4%B8%AD%E8%8D%AF%E4%BF%9D%E6%8A%A4%E5%93%81%E7%A7%8D&Id=8"},{"name":"8.丹益片 (ZYB2072015029 重庆巨琪诺美制药有限公司 国药准字Z20110051)","url":"http://app1.sfda.gov.cn/datasearch/face3/content.jsp?tableId=22&tableName=TABLE22&tableView=%E4%B8%AD%E8%8D%AF%E4%BF%9D%E6%8A%A4%E5%93%81%E7%A7%8D&Id=9"},{"name":"9.小儿石蔻散 (ZYB2072015030 乌兰浩特中蒙制药有限公司 国药准字Z20090041)","url":"http://app1.sfda.gov.cn/datasearch/face3/content.jsp?tableId=22&tableName=TABLE22&tableView=%E4%B8%AD%E8%8D%AF%E4%BF%9D%E6%8A%A4%E5%93%81%E7%A7%8D&Id=10"},{"name":"10.复方黄柏液涂剂 (ZYB2072016007 山东汉方制药有限公司 国药准字Z10950097)","url":"http://app1.sfda.gov.cn/datasearch/face3/content.jsp?tableId=22&tableName=TABLE22&tableView=%E4%B8%AD%E8%8D%AF%E4%BF%9D%E6%8A%A4%E5%93%81%E7%A7%8D&Id=11"},{"name":"11.生血宝合剂 (ZYB2072016010 清华德人西安幸福制药有限公司 国药准字Z20050770)","url":"http://app1.sfda.gov.cn/datasearch/face3/content.jsp?tableId=22&tableName=TABLE22&tableView=%E4%B8%AD%E8%8D%AF%E4%BF%9D%E6%8A%A4%E5%93%81%E7%A7%8D&Id=12"},{"name":"12.银杏叶滴丸 (ZYB20720150230 万邦德制药集团股份有限公司 国药准字Z20040071)","url":"http://app1.sfda.gov.cn/datasearch/face3/content.jsp?tableId=22&tableName=TABLE22&tableView=%E4%B8%AD%E8%8D%AF%E4%BF%9D%E6%8A%A4%E5%93%81%E7%A7%8D&Id=13"},{"name":"13.复方珍珠口疮颗粒 (ZYB2072014024 四川美大康药业股份有限公司 国药准字Z20010031)","url":"http://app1.sfda.gov.cn/datasearch/face3/content.jsp?tableId=22&tableName=TABLE22&tableView=%E4%B8%AD%E8%8D%AF%E4%BF%9D%E6%8A%A4%E5%93%81%E7%A7%8D&Id=14"},{"name":"14.颈舒颗粒 (ZYB2072012027 安徽精方药业股份有限公司 国药标准字Z20010153)","url":"http://app1.sfda.gov.cn/datasearch/face3/content.jsp?tableId=22&tableName=TABLE22&tableView=%E4%B8%AD%E8%8D%AF%E4%BF%9D%E6%8A%A4%E5%93%81%E7%A7%8D&Id=15"},{"name":"15.健脾止泻宁颗粒 (ZYB2072016021 重庆希尔安药业有限公司 国药准字Z20026356)","url":"http://app1.sfda.gov.cn/datasearch/face3/content.jsp?tableId=22&tableName=TABLE22&tableView=%E4%B8%AD%E8%8D%AF%E4%BF%9D%E6%8A%A4%E5%93%81%E7%A7%8D&Id=16"},{"name":"136.加味藿香正气软胶囊 (ZYB20720140340 江苏康缘药业股份有限公司 国药准字Z20020142)","url":"http://app1.sfda.gov.cn/datasearch/face3/content.jsp?tableId=22&tableName=TABLE22&tableView=%E4%B8%AD%E8%8D%AF%E4%BF%9D%E6%8A%A4%E5%93%81%E7%A7%8D&Id=137"},{"name":"137.荆花胃康胶丸 (ZYB20720140280 天士力制药集团股份有限公司 国药准字Z10970067)","url":"http://app1.sfda.gov.cn/datasearch/face3/content.jsp?tableId=22&tableName=TABLE22&tableView=%E4%B8%AD%E8%8D%AF%E4%BF%9D%E6%8A%A4%E5%93%81%E7%A7%8D&Id=138"},{"name":"138.复方玄驹胶囊 (ZYB20720140430 浙江施强制药有限公司 国药准字Z20060462)","url":"http://app1.sfda.gov.cn/datasearch/face3/content.jsp?tableId=22&tableName=TABLE22&tableView=%E4%B8%AD%E8%8D%AF%E4%BF%9D%E6%8A%A4%E5%93%81%E7%A7%8D&Id=139"},{"name":"139.痰热清注射液 (ZYB2072014042 上海凯宝药业股份有限公司 国药准字Z20030054)","url":"http://app1.sfda.gov.cn/datasearch/face3/content.jsp?tableId=22&tableName=TABLE22&tableView=%E4%B8%AD%E8%8D%AF%E4%BF%9D%E6%8A%A4%E5%93%81%E7%A7%8D&Id=140"},{"name":"140.济泰片 (ZYB2072014040 上海中药制药技术有限公司 国药准字Z20044197)","url":"http://app1.sfda.gov.cn/datasearch/face3/content.jsp?tableId=22&tableName=TABLE22&tableView=%E4%B8%AD%E8%8D%AF%E4%BF%9D%E6%8A%A4%E5%93%81%E7%A7%8D&Id=141"},{"name":"141.麻黄止嗽胶囊 (ZYB2072014041 陕西开元制药有限公司 国药准字Z20090079)","url":"http://app1.sfda.gov.cn/datasearch/face3/content.jsp?tableId=22&tableName=TABLE22&tableView=%E4%B8%AD%E8%8D%AF%E4%BF%9D%E6%8A%A4%E5%93%81%E7%A7%8D&Id=142"},{"name":"142.参一胶囊 (ZYB2072013019 吉林亚泰制药股份有限公司 国药准字Z20030044)","url":"http://app1.sfda.gov.cn/datasearch/face3/content.jsp?tableId=22&tableName=TABLE22&tableView=%E4%B8%AD%E8%8D%AF%E4%BF%9D%E6%8A%A4%E5%93%81%E7%A7%8D&Id=143"},{"name":"143.消�丸 (ZYB2072013008 雷允上药业有限公司 国药准字Z20100057)","url":"http://app1.sfda.gov.cn/datasearch/face3/content.jsp?tableId=22&tableName=TABLE22&tableView=%E4%B8%AD%E8%8D%AF%E4%BF%9D%E6%8A%A4%E5%93%81%E7%A7%8D&Id=144"},{"name":"144.三七化痔丸 (ZYB20720130060 广州中一药业有限公司 国药准字Z44020122)","url":"http://app1.sfda.gov.cn/datasearch/face3/content.jsp?tableId=22&tableName=TABLE22&tableView=%E4%B8%AD%E8%8D%AF%E4%BF%9D%E6%8A%A4%E5%93%81%E7%A7%8D&Id=145"},{"name":"145.妇炎平阴道泡腾片 (ZYB2072011014-1 江西南昌制药有限公司 国药准字Z20010148)","url":"http://app1.sfda.gov.cn/datasearch/face3/content.jsp?tableId=22&tableName=TABLE22&tableView=%E4%B8%AD%E8%8D%AF%E4%BF%9D%E6%8A%A4%E5%93%81%E7%A7%8D&Id=146"},{"name":"146.威麦宁胶囊 (ZYB2072012022 华颐药业有限公司 国药准字Z20010072)","url":"http://app1.sfda.gov.cn/datasearch/face3/content.jsp?tableId=22&tableName=TABLE22&tableView=%E4%B8%AD%E8%8D%AF%E4%BF%9D%E6%8A%A4%E5%93%81%E7%A7%8D&Id=147"},{"name":"147.抗感胶囊 (ZYB20720120570 宁夏多维药业有限公司 国药准字Z10980018)","url":"http://app1.sfda.gov.cn/datasearch/face3/content.jsp?tableId=22&tableName=TABLE22&tableView=%E4%B8%AD%E8%8D%AF%E4%BF%9D%E6%8A%A4%E5%93%81%E7%A7%8D&Id=148"},{"name":"148.养胃舒胶囊 (ZYB20720140220 合肥神鹿双鹤药业有限责任公司 国药准字Z34020734)","url":"http://app1.sfda.gov.cn/datasearch/face3/content.jsp?tableId=22&tableName=TABLE22&tableView=%E4%B8%AD%E8%8D%AF%E4%BF%9D%E6%8A%A4%E5%93%81%E7%A7%8D&Id=149"},{"name":"149.女珍颗粒 (ZYB2072012026 山东凤凰制药股份有限公司 国药准字Z20050205)","url":"http://app1.sfda.gov.cn/datasearch/face3/content.jsp?tableId=22&tableName=TABLE22&tableView=%E4%B8%AD%E8%8D%AF%E4%BF%9D%E6%8A%A4%E5%93%81%E7%A7%8D&Id=150"},{"name":"150.香连胶囊 (ZYB20720140160 辽宁森荣制药有限公司 国药准字Z10940053)","url":"http://app1.sfda.gov.cn/datasearch/face3/content.jsp?tableId=22&tableName=TABLE22&tableView=%E4%B8%AD%E8%8D%AF%E4%BF%9D%E6%8A%A4%E5%93%81%E7%A7%8D&Id=151"},{"name":"151.五味治肝片 (ZYB20720140150 吉林真元制药有限公司 国药准字Z20000043)","url":"http://app1.sfda.gov.cn/datasearch/face3/content.jsp?tableId=22&tableName=TABLE22&tableView=%E4%B8%AD%E8%8D%AF%E4%BF%9D%E6%8A%A4%E5%93%81%E7%A7%8D&Id=152"},{"name":"152.血塞通软胶囊 (ZYB20720130091 昆药集团股份有限公司 国药准字Z20040016)","url":"http://app1.sfda.gov.cn/datasearch/face3/content.jsp?tableId=22&tableName=TABLE22&tableView=%E4%B8%AD%E8%8D%AF%E4%BF%9D%E6%8A%A4%E5%93%81%E7%A7%8D&Id=153"},{"name":"153.肾康栓 (ZYB2072011026 西安世纪盛康药业有限公司 国药准字Z20050482)","url":"http://app1.sfda.gov.cn/datasearch/face3/content.jsp?tableId=22&tableName=TABLE22&tableView=%E4%B8%AD%E8%8D%AF%E4%BF%9D%E6%8A%A4%E5%93%81%E7%A7%8D&Id=154"},{"name":"154.舒咽清喷雾剂 (ZYB2072014026 桂林三金药业股份有限公司 国药准字Z20040137)","url":"http://app1.sfda.gov.cn/datasearch/face3/content.jsp?tableId=22&tableName=TABLE22&tableView=%E4%B8%AD%E8%8D%AF%E4%BF%9D%E6%8A%A4%E5%93%81%E7%A7%8D&Id=155"},{"name":"155.防风通圣颗粒 (ZYB2072014027 烟台天正药业有限公司 国药准字Z19991008)","url":"http://app1.sfda.gov.cn/datasearch/face3/content.jsp?tableId=22&tableName=TABLE22&tableView=%E4%B8%AD%E8%8D%AF%E4%BF%9D%E6%8A%A4%E5%93%81%E7%A7%8D&Id=156"},{"name":"156.延参健胃胶囊 (ZYB2072014029 天圣制药集团股份有限公司 国药准字Z20120004)","url":"http://app1.sfda.gov.cn/datasearch/face3/content.jsp?tableId=22&tableName=TABLE22&tableView=%E4%B8%AD%E8%8D%AF%E4%BF%9D%E6%8A%A4%E5%93%81%E7%A7%8D&Id=157"},{"name":"157.黄葵胶囊 (ZYB2072014032 江苏苏中药业集团股份有限公司 国药准字Z19990040)","url":"http://app1.sfda.gov.cn/datasearch/face3/content.jsp?tableId=22&tableName=TABLE22&tableView=%E4%B8%AD%E8%8D%AF%E4%BF%9D%E6%8A%A4%E5%93%81%E7%A7%8D&Id=158"},{"name":"158.活血止痛软胶囊 (ZYB2072014038 湖北惠海希康制药有限公司 国药准字Z20080118)","url":"http://app1.sfda.gov.cn/datasearch/face3/content.jsp?tableId=22&tableName=TABLE22&tableView=%E4%B8%AD%E8%8D%AF%E4%BF%9D%E6%8A%A4%E5%93%81%E7%A7%8D&Id=159"},{"name":"159.山蜡梅叶颗粒 (ZYB2072014037 江西佑美制药有限公司 国药准字Z20027113)","url":"http://app1.sfda.gov.cn/datasearch/face3/content.jsp?tableId=22&tableName=TABLE22&tableView=%E4%B8%AD%E8%8D%AF%E4%BF%9D%E6%8A%A4%E5%93%81%E7%A7%8D&Id=160"},{"name":"160.花芪胶囊 (ZYB2072014025 贵州信邦制药股份有限公司 国药准字Z20090745)","url":"http://app1.sfda.gov.cn/datasearch/face3/content.jsp?tableId=22&tableName=TABLE22&tableView=%E4%B8%AD%E8%8D%AF%E4%BF%9D%E6%8A%A4%E5%93%81%E7%A7%8D&Id=161"},{"name":"161.牙痛停滴丸 (ZYB2072014039 天津中新药业集团股份有限公司第六中药厂 国药准字Z20060019)","url":"http://app1.sfda.gov.cn/datasearch/face3/content.jsp?tableId=22&tableName=TABLE22&tableView=%E4%B8%AD%E8%8D%AF%E4%BF%9D%E6%8A%A4%E5%93%81%E7%A7%8D&Id=162"},{"name":"162.黑加仑油软胶囊 (ZYB2072014030 黑龙江天赐康制药有限公司 国药准字Z20020128)","url":"http://app1.sfda.gov.cn/datasearch/face3/content.jsp?tableId=22&tableName=TABLE22&tableView=%E4%B8%AD%E8%8D%AF%E4%BF%9D%E6%8A%A4%E5%93%81%E7%A7%8D&Id=163"},{"name":"163.鲜益母草胶囊 (ZYB2072014031 浙江大德药业集团有限公司 国药准字Z20080052)","url":"http://app1.sfda.gov.cn/datasearch/face3/content.jsp?tableId=22&tableName=TABLE22&tableView=%E4%B8%AD%E8%8D%AF%E4%BF%9D%E6%8A%A4%E5%93%81%E7%A7%8D&Id=164"},{"name":"164.通脉养心丸 (ZYB2072012062 天津中新药业集团股份有限公司乐仁堂制药厂 国药准字Z12020589)","url":"http://app1.sfda.gov.cn/datasearch/face3/content.jsp?tableId=22&tableName=TABLE22&tableView=%E4%B8%AD%E8%8D%AF%E4%BF%9D%E6%8A%A4%E5%93%81%E7%A7%8D&Id=165"},{"name":"165.乌杞调脂口服液 (ZYB2072013014 黑龙江金九药业股份有限公司 国药准字Z20080015)","url":"http://app1.sfda.gov.cn/datasearch/face3/content.jsp?tableId=22&tableName=TABLE22&tableView=%E4%B8%AD%E8%8D%AF%E4%BF%9D%E6%8A%A4%E5%93%81%E7%A7%8D&Id=166"},{"name":"166.雪山金罗汉止痛涂膜剂 (ZYB20720140100 西藏诺迪康药业股份有限公司 国药准字Z20010095)","url":"http://app1.sfda.gov.cn/datasearch/face3/content.jsp?tableId=22&tableName=TABLE22&tableView=%E4%B8%AD%E8%8D%AF%E4%BF%9D%E6%8A%A4%E5%93%81%E7%A7%8D&Id=167"},{"name":"167.止泻保童颗粒 (ZYB20720140330 安徽华佗国药股份有限公司 国药准字Z34020887)","url":"http://app1.sfda.gov.cn/datasearch/face3/content.jsp?tableId=22&tableName=TABLE22&tableView=%E4%B8%AD%E8%8D%AF%E4%BF%9D%E6%8A%A4%E5%93%81%E7%A7%8D&Id=168"},{"name":"168.止泻保童颗粒 (ZYB20720140331 云南白药集团股份有限公司 国药准字Z53021564)","url":"http://app1.sfda.gov.cn/datasearch/face3/content.jsp?tableId=22&tableName=TABLE22&tableView=%E4%B8%AD%E8%8D%AF%E4%BF%9D%E6%8A%A4%E5%93%81%E7%A7%8D&Id=169"},{"name":"169.三七伤药胶囊 (ZYB20720140110 山西宝芝林药业有限公司 国药准字Z10960076)","url":"http://app1.sfda.gov.cn/datasearch/face3/content.jsp?tableId=22&tableName=TABLE22&tableView=%E4%B8%AD%E8%8D%AF%E4%BF%9D%E6%8A%A4%E5%93%81%E7%A7%8D&Id=170"},{"name":"170.通窍鼻炎颗粒 (ZYB20720130251 成都迪康药业有限公司 国药准字Z10980073)","url":"http://app1.sfda.gov.cn/datasearch/face3/content.jsp?tableId=22&tableName=TABLE22&tableView=%E4%B8%AD%E8%8D%AF%E4%BF%9D%E6%8A%A4%E5%93%81%E7%A7%8D&Id=171"},{"name":"171.冠心丹参颗粒 (ZYB20720150110 广东佰和药业有限公司 国药准字Z10970104)","url":"http://app1.sfda.gov.cn/datasearch/face3/content.jsp?tableId=22&tableName=TABLE22&tableView=%E4%B8%AD%E8%8D%AF%E4%BF%9D%E6%8A%A4%E5%93%81%E7%A7%8D&Id=172"},{"name":"172.伸筋片 (ZYB20720150071 威海人生药业集团股份有限公司 国药准字Z10940002)","url":"http://app1.sfda.gov.cn/datasearch/face3/content.jsp?tableId=22&tableName=TABLE22&tableView=%E4%B8%AD%E8%8D%AF%E4%BF%9D%E6%8A%A4%E5%93%81%E7%A7%8D&Id=173"},{"name":"173.伸筋片 (ZYB20720150070 吉林敖东延边药业股份有限公司 国药准字Z20044425)","url":"http://app1.sfda.gov.cn/datasearch/face3/content.jsp?tableId=22&tableName=TABLE22&tableView=%E4%B8%AD%E8%8D%AF%E4%BF%9D%E6%8A%A4%E5%93%81%E7%A7%8D&Id=174"},{"name":"174.桂枝颗粒 (ZYB20720150120 山西太行药业股份有限公司 国药准字Z20010011)","url":"http://app1.sfda.gov.cn/datasearch/face3/content.jsp?tableId=22&tableName=TABLE22&tableView=%E4%B8%AD%E8%8D%AF%E4%BF%9D%E6%8A%A4%E5%93%81%E7%A7%8D&Id=175"},{"name":"175.银杏酮酯滴丸 (ZYB2072012061-1 北京汉典制药有限公司 国药准字Z20060461)","url":"http://app1.sfda.gov.cn/datasearch/face3/content.jsp?tableId=22&tableName=TABLE22&tableView=%E4%B8%AD%E8%8D%AF%E4%BF%9D%E6%8A%A4%E5%93%81%E7%A7%8D&Id=176"},{"name":"176.救心丸 (ZYB20720150030 华佗国药股份有限公司 国药准字Z34021069)","url":"http://app1.sfda.gov.cn/datasearch/face3/content.jsp?tableId=22&tableName=TABLE22&tableView=%E4%B8%AD%E8%8D%AF%E4%BF%9D%E6%8A%A4%E5%93%81%E7%A7%8D&Id=177"},{"name":"177.健脑补肾口服液 (ZYB20720140440 华润三九（临清）药业有限公司 国药准字Z37020805)","url":"http://app1.sfda.gov.cn/datasearch/face3/content.jsp?tableId=22&tableName=TABLE22&tableView=%E4%B8%AD%E8%8D%AF%E4%BF%9D%E6%8A%A4%E5%93%81%E7%A7%8D&Id=178"},{"name":"178.参芪健胃颗粒 (ZYB20720150011 江苏中兴药业有限公司 国药准字Z32020662)","url":"http://app1.sfda.gov.cn/datasearch/face3/content.jsp?tableId=22&tableName=TABLE22&tableView=%E4%B8%AD%E8%8D%AF%E4%BF%9D%E6%8A%A4%E5%93%81%E7%A7%8D&Id=179"},{"name":"179.祖卡木颗粒 (ZYB20720150040 新疆维吾尔药业有限责任公司 国药准字Z65020179)","url":"http://app1.sfda.gov.cn/datasearch/face3/content.jsp?tableId=22&tableName=TABLE22&tableView=%E4%B8%AD%E8%8D%AF%E4%BF%9D%E6%8A%A4%E5%93%81%E7%A7%8D&Id=180"},{"name":"180.祖卡木颗粒 (ZYB20720150041 新疆银朵兰维药股份有限公司 国药准字Z20063086)","url":"http://app1.sfda.gov.cn/datasearch/face3/content.jsp?tableId=22&tableName=TABLE22&tableView=%E4%B8%AD%E8%8D%AF%E4%BF%9D%E6%8A%A4%E5%93%81%E7%A7%8D&Id=181"},{"name":"181.参芪健胃颗粒 (ZYB20720150010 河南辅仁堂制药有限公司 国药准字Z10983120)","url":"http://app1.sfda.gov.cn/datasearch/face3/content.jsp?tableId=22&tableName=TABLE22&tableView=%E4%B8%AD%E8%8D%AF%E4%BF%9D%E6%8A%A4%E5%93%81%E7%A7%8D&Id=182"},{"name":"182.祖卡木颗粒 (ZYB20720150042 新疆奇康哈博维药股份有限公司 国药准字Z20054213)","url":"http://app1.sfda.gov.cn/datasearch/face3/content.jsp?tableId=22&tableName=TABLE22&tableView=%E4%B8%AD%E8%8D%AF%E4%BF%9D%E6%8A%A4%E5%93%81%E7%A7%8D&Id=183"},{"name":"183.百乐眠胶囊 (ZYB20720140450 扬子江药业集团有限公司 国药准字Z20020131)","url":"http://app1.sfda.gov.cn/datasearch/face3/content.jsp?tableId=22&tableName=TABLE22&tableView=%E4%B8%AD%E8%8D%AF%E4%BF%9D%E6%8A%A4%E5%93%81%E7%A7%8D&Id=184"},{"name":"184.藿香清胃片 (ZYB20720140072 吉林省俊宏药业有限公司 国药准字Z22022704)","url":"http://app1.sfda.gov.cn/datasearch/face3/content.jsp?tableId=22&tableName=TABLE22&tableView=%E4%B8%AD%E8%8D%AF%E4%BF%9D%E6%8A%A4%E5%93%81%E7%A7%8D&Id=185"},{"name":"185.妇科千金胶囊 (ZYB20720150130 株洲千金药业股份有限公司 国药准字Z20020024)","url":"http://app1.sfda.gov.cn/datasearch/face3/content.jsp?tableId=22&tableName=TABLE22&tableView=%E4%B8%AD%E8%8D%AF%E4%BF%9D%E6%8A%A4%E5%93%81%E7%A7%8D&Id=186"},{"name":"186.橘红胶囊 (ZYB20720140460 四川美大康药业股份有限公司 国药准字Z20010005)","url":"http://app1.sfda.gov.cn/datasearch/face3/content.jsp?tableId=22&tableName=TABLE22&tableView=%E4%B8%AD%E8%8D%AF%E4%BF%9D%E6%8A%A4%E5%93%81%E7%A7%8D&Id=187"},{"name":"187.当归芍药颗粒 (ZYB2072015008 湖北虎泉药业有限公司 国药准字Z20000023)","url":"http://app1.sfda.gov.cn/datasearch/face3/content.jsp?tableId=22&tableName=TABLE22&tableView=%E4%B8%AD%E8%8D%AF%E4%BF%9D%E6%8A%A4%E5%93%81%E7%A7%8D&Id=188"},{"name":"188.舒安卫生栓 (ZYB2072015010 深圳市佳泰药业股份有限公司 国药准字Z20000132)","url":"http://app1.sfda.gov.cn/datasearch/face3/content.jsp?tableId=22&tableName=TABLE22&tableView=%E4%B8%AD%E8%8D%AF%E4%BF%9D%E6%8A%A4%E5%93%81%E7%A7%8D&Id=189"},{"name":"189.海昆肾喜胶囊 (ZYB2072015005 吉林省辉南长龙生化药业股份有限公司 国药准字Z20030052)","url":"http://app1.sfda.gov.cn/datasearch/face3/content.jsp?tableId=22&tableName=TABLE22&tableView=%E4%B8%AD%E8%8D%AF%E4%BF%9D%E6%8A%A4%E5%93%81%E7%A7%8D&Id=190"},{"name":"190.尿清舒颗粒 (ZYB2072015009 广州一品红制药有限公司 国药准字Z20026440)","url":"http://app1.sfda.gov.cn/datasearch/face3/content.jsp?tableId=22&tableName=TABLE22&tableView=%E4%B8%AD%E8%8D%AF%E4%BF%9D%E6%8A%A4%E5%93%81%E7%A7%8D&Id=191"},{"name":"191.红药气雾剂 (ZYB20720160010 沈阳红药精诚药业有限公司 国药准字Z21021527)","url":"http://app1.sfda.gov.cn/datasearch/face3/content.jsp?tableId=22&tableName=TABLE22&tableView=%E4%B8%AD%E8%8D%AF%E4%BF%9D%E6%8A%A4%E5%93%81%E7%A7%8D&Id=192"},{"name":"192.复方芩兰口服液 (ZYB2072014047 黑龙江珍宝岛药业股份有限公司 国药准字Z20026049)","url":"http://app1.sfda.gov.cn/datasearch/face3/content.jsp?tableId=22&tableName=TABLE22&tableView=%E4%B8%AD%E8%8D%AF%E4%BF%9D%E6%8A%A4%E5%93%81%E7%A7%8D&Id=193"},{"name":"193.红花逍遥片 (ZYB2072015025 江西普正制药有限公司 国药准字Z20080299)","url":"http://app1.sfda.gov.cn/datasearch/face3/content.jsp?tableId=22&tableName=TABLE22&tableView=%E4%B8%AD%E8%8D%AF%E4%BF%9D%E6%8A%A4%E5%93%81%E7%A7%8D&Id=194"},{"name":"194.缩泉胶囊 (ZYB20720150020 湖南汉森制药股份有限公司 国药准字Z19991039)","url":"http://app1.sfda.gov.cn/datasearch/face3/content.jsp?tableId=22&tableName=TABLE22&tableView=%E4%B8%AD%E8%8D%AF%E4%BF%9D%E6%8A%A4%E5%93%81%E7%A7%8D&Id=195"},{"name":"195.蒲苓盆炎康颗粒 (ZYB2072016005 翔宇药业股份有限公司 国药准字Z20050264)","url":"http://app1.sfda.gov.cn/datasearch/face3/content.jsp?tableId=22&tableName=TABLE22&tableView=%E4%B8%AD%E8%8D%AF%E4%BF%9D%E6%8A%A4%E5%93%81%E7%A7%8D&Id=196"},{"name":"196.连参通淋片 (ZYB2072014048 神威药业集团有限公司 国药准字Z20090045)","url":"http://app1.sfda.gov.cn/datasearch/face3/content.jsp?tableId=22&tableName=TABLE22&tableView=%E4%B8%AD%E8%8D%AF%E4%BF%9D%E6%8A%A4%E5%93%81%E7%A7%8D&Id=197"},{"name":"197.清热止咳颗粒 (ZYB20720150150 漳州片仔癀药业股份有限公司 国药准字Z20000016)","url":"http://app1.sfda.gov.cn/datasearch/face3/content.jsp?tableId=22&tableName=TABLE22&tableView=%E4%B8%AD%E8%8D%AF%E4%BF%9D%E6%8A%A4%E5%93%81%E7%A7%8D&Id=198"},{"name":"198.芪黄通秘软胶囊 (ZYB2072015006 神威药业集团有限公司 国药准字Z20090050)","url":"http://app1.sfda.gov.cn/datasearch/face3/content.jsp?tableId=22&tableName=TABLE22&tableView=%E4%B8%AD%E8%8D%AF%E4%BF%9D%E6%8A%A4%E5%93%81%E7%A7%8D&Id=199"},{"name":"199.芪麝丸 (ZYB2072015014 上海黄海制药有限责任公司 国药准字Z20090978)","url":"http://app1.sfda.gov.cn/datasearch/face3/content.jsp?tableId=22&tableName=TABLE22&tableView=%E4%B8%AD%E8%8D%AF%E4%BF%9D%E6%8A%A4%E5%93%81%E7%A7%8D&Id=200"},{"name":"200.扶正化瘀胶囊 (ZYB2072016008 上海黄海制药有限责任公司 国药准字Z20020073 国药准字Z20020074)","url":"http://app1.sfda.gov.cn/datasearch/face3/content.jsp?tableId=22&tableName=TABLE22&tableView=%E4%B8%AD%E8%8D%AF%E4%BF%9D%E6%8A%A4%E5%93%81%E7%A7%8D&Id=201"},{"name":"201.板蓝清热颗粒 (ZYB2072015016 昆明中药厂有限公司 国药准字Z20059001)","url":"http://app1.sfda.gov.cn/datasearch/face3/content.jsp?tableId=22&tableName=TABLE22&tableView=%E4%B8%AD%E8%8D%AF%E4%BF%9D%E6%8A%A4%E5%93%81%E7%A7%8D&Id=202"},{"name":"202.穿心莲内酯滴丸 (ZYB20720150240 天士力制药集团股份有限公司 国药准字Z20040078)","url":"http://app1.sfda.gov.cn/datasearch/face3/content.jsp?tableId=22&tableName=TABLE22&tableView=%E4%B8%AD%E8%8D%AF%E4%BF%9D%E6%8A%A4%E5%93%81%E7%A7%8D&Id=203"},{"name":"203.通络祛痛膏 (ZYB2072015026 河南羚锐制药股份有限公司 国药准字Z20000065)","url":"http://app1.sfda.gov.cn/datasearch/face3/content.jsp?tableId=22&tableName=TABLE22&tableView=%E4%B8%AD%E8%8D%AF%E4%BF%9D%E6%8A%A4%E5%93%81%E7%A7%8D&Id=204"},{"name":"204.肾宝片 (ZYB2072015027 江西汇仁药业有限公司 国药准字Z20080627)","url":"http://app1.sfda.gov.cn/datasearch/face3/content.jsp?tableId=22&tableName=TABLE22&tableView=%E4%B8%AD%E8%8D%AF%E4%BF%9D%E6%8A%A4%E5%93%81%E7%A7%8D&Id=205"},{"name":"205.注射用丹参多酚酸 (ZYB2072016002 天津天士力之骄药业有限公司 国药准字Z20110011)","url":"http://app1.sfda.gov.cn/datasearch/face3/content.jsp?tableId=22&tableName=TABLE22&tableView=%E4%B8%AD%E8%8D%AF%E4%BF%9D%E6%8A%A4%E5%93%81%E7%A7%8D&Id=206"},{"name":"206.荣心丸 (ZYB20720150200 上海玉丹药业有限公司 国药准字Z10970095)","url":"http://app1.sfda.gov.cn/datasearch/face3/content.jsp?tableId=22&tableName=TABLE22&tableView=%E4%B8%AD%E8%8D%AF%E4%BF%9D%E6%8A%A4%E5%93%81%E7%A7%8D&Id=207"},{"name":"207.复方川芎胶囊 (ZYB20720150190 山东凤凰制药股份有限公司 国药准字Z20000035)","url":"http://app1.sfda.gov.cn/datasearch/face3/content.jsp?tableId=22&tableName=TABLE22&tableView=%E4%B8%AD%E8%8D%AF%E4%BF%9D%E6%8A%A4%E5%93%81%E7%A7%8D&Id=208"},{"name":"208.麝香追风止痛膏 (ZYB2072015017 重庆希尔安药业有限公司 国药准字Z20027408)","url":"http://app1.sfda.gov.cn/datasearch/face3/content.jsp?tableId=22&tableName=TABLE22&tableView=%E4%B8%AD%E8%8D%AF%E4%BF%9D%E6%8A%A4%E5%93%81%E7%A7%8D&Id=209"},{"name":"209.甘桔冰梅片 (ZYB2072015021 重庆华森制药有限公司 国药准字Z20026258)","url":"http://app1.sfda.gov.cn/datasearch/face3/content.jsp?tableId=22&tableName=TABLE22&tableView=%E4%B8%AD%E8%8D%AF%E4%BF%9D%E6%8A%A4%E5%93%81%E7%A7%8D&Id=210"},{"name":"210.跌打七厘片 (ZYB2072015018 重庆希尔安药业有限公司 国药标准字Z20027418（素片）；国药标准字Z20143029（薄膜衣片）)","url":"http://app1.sfda.gov.cn/datasearch/face3/content.jsp?tableId=22&tableName=TABLE22&tableView=%E4%B8%AD%E8%8D%AF%E4%BF%9D%E6%8A%A4%E5%93%81%E7%A7%8D&Id=211"},{"name":"211.蒲元和胃胶囊 (ZYB2072016003 青岛华仁太医药业有限公司 国药标准字Z20090720)","url":"http://app1.sfda.gov.cn/datasearch/face3/content.jsp?tableId=22&tableName=TABLE22&tableView=%E4%B8%AD%E8%8D%AF%E4%BF%9D%E6%8A%A4%E5%93%81%E7%A7%8D&Id=212"},{"name":"212.结肠宁 (ZYB2072017008 九芝堂股份有限公司 国药标准字Z10890022)","url":"http://app1.sfda.gov.cn/datasearch/face3/content.jsp?tableId=22&tableName=TABLE22&tableView=%E4%B8%AD%E8%8D%AF%E4%BF%9D%E6%8A%A4%E5%93%81%E7%A7%8D&Id=213"},{"name":"16.和血明目片 (ZYB2072016020 西安碑林药业股份有限公司 国药准字Z20025067（糖衣片）；国药准字Z20073062（薄膜衣片）)","url":"http://app1.sfda.gov.cn/datasearch/face3/content.jsp?tableId=22&tableName=TABLE22&tableView=%E4%B8%AD%E8%8D%AF%E4%BF%9D%E6%8A%A4%E5%93%81%E7%A7%8D&Id=17"},{"name":"17.注射用红花黄色素 (ZYB2072016019-1 山西德元堂药业有限公司 国药准字Z20050594)","url":"http://app1.sfda.gov.cn/datasearch/face3/content.jsp?tableId=22&tableName=TABLE22&tableView=%E4%B8%AD%E8%8D%AF%E4%BF%9D%E6%8A%A4%E5%93%81%E7%A7%8D&Id=18"},{"name":"18.注射用红花黄色素 (ZYB2072016019 浙江永宁药业股份有限公司 国药准字Z20050146)","url":"http://app1.sfda.gov.cn/datasearch/face3/content.jsp?tableId=22&tableName=TABLE22&tableView=%E4%B8%AD%E8%8D%AF%E4%BF%9D%E6%8A%A4%E5%93%81%E7%A7%8D&Id=19"},{"name":"19.丹黄祛瘀胶囊 (ZYB2072016018 吉林龙鑫药业有限公司 国药准字Z20026010)","url":"http://app1.sfda.gov.cn/datasearch/face3/content.jsp?tableId=22&tableName=TABLE22&tableView=%E4%B8%AD%E8%8D%AF%E4%BF%9D%E6%8A%A4%E5%93%81%E7%A7%8D&Id=20"},{"name":"20.云南白药 (ZYB11020160170 云南白药集团股份有限公司 国药准字Z53020798)","url":"http://app1.sfda.gov.cn/datasearch/face3/content.jsp?tableId=22&tableName=TABLE22&tableView=%E4%B8%AD%E8%8D%AF%E4%BF%9D%E6%8A%A4%E5%93%81%E7%A7%8D&Id=21"},{"name":"21.云南白药胶囊 (ZYB11020160160 云南白药集团股份有限公司 国药准字Z53020799)","url":"http://app1.sfda.gov.cn/datasearch/face3/content.jsp?tableId=22&tableName=TABLE22&tableView=%E4%B8%AD%E8%8D%AF%E4%BF%9D%E6%8A%A4%E5%93%81%E7%A7%8D&Id=22"},{"name":"22.结石康胶囊 (ZYB20720160150 河南羚锐制药股份有限公司 国药准字Z20033289)","url":"http://app1.sfda.gov.cn/datasearch/face3/content.jsp?tableId=22&tableName=TABLE22&tableView=%E4%B8%AD%E8%8D%AF%E4%BF%9D%E6%8A%A4%E5%93%81%E7%A7%8D&Id=23"},{"name":"23.麝香通心滴丸 (ZYB2072016014 内蒙古康恩贝药业有限公司圣龙分公司 国药准字Z20080018)","url":"http://app1.sfda.gov.cn/datasearch/face3/content.jsp?tableId=22&tableName=TABLE22&tableView=%E4%B8%AD%E8%8D%AF%E4%BF%9D%E6%8A%A4%E5%93%81%E7%A7%8D&Id=24"},{"name":"24.红花逍遥片 (ZYB2072015025-1 浙江康德药业集团股份有限公司 国药准字Z20090403)","url":"http://app1.sfda.gov.cn/datasearch/face3/content.jsp?tableId=22&tableName=TABLE22&tableView=%E4%B8%AD%E8%8D%AF%E4%BF%9D%E6%8A%A4%E5%93%81%E7%A7%8D&Id=25"},{"name":"25.复方斯亚旦生发酊 (ZYB20720170040 新疆维吾尔药业有限责任公司 国药准字Z65020167)","url":"http://app1.sfda.gov.cn/datasearch/face3/content.jsp?tableId=22&tableName=TABLE22&tableView=%E4%B8%AD%E8%8D%AF%E4%BF%9D%E6%8A%A4%E5%93%81%E7%A7%8D&Id=26"},{"name":"26.苁蓉益肾颗粒 (ZYB20720170010 内蒙古兰太药业有限责任公司 国药准字Z20030099)","url":"http://app1.sfda.gov.cn/datasearch/face3/content.jsp?tableId=22&tableName=TABLE22&tableView=%E4%B8%AD%E8%8D%AF%E4%BF%9D%E6%8A%A4%E5%93%81%E7%A7%8D&Id=27"},{"name":"27.腰痹通胶囊 (ZYB20720170030 江苏康缘药业股份有限公司 国药准字Z20010045)","url":"http://app1.sfda.gov.cn/datasearch/face3/content.jsp?tableId=22&tableName=TABLE22&tableView=%E4%B8%AD%E8%8D%AF%E4%BF%9D%E6%8A%A4%E5%93%81%E7%A7%8D&Id=28"},{"name":"28.红花逍遥片 (ZYB2072015025-2 吉林吉春制药股份有限公司 国药准字Z20090668)","url":"http://app1.sfda.gov.cn/datasearch/face3/content.jsp?tableId=22&tableName=TABLE22&tableView=%E4%B8%AD%E8%8D%AF%E4%BF%9D%E6%8A%A4%E5%93%81%E7%A7%8D&Id=29"},{"name":"29.大活络胶囊 (ZYB20720130150 江西药都樟树制药有限公司 国药准字Z19990044)","url":"http://app1.sfda.gov.cn/datasearch/face3/content.jsp?tableId=22&tableName=TABLE22&tableView=%E4%B8%AD%E8%8D%AF%E4%BF%9D%E6%8A%A4%E5%93%81%E7%A7%8D&Id=30"},{"name":"30.消渴清颗粒 (ZYB20720170050 天士力制药集团股份有限公司 国药准字Z20080034)","url":"http://app1.sfda.gov.cn/datasearch/face3/content.jsp?tableId=22&tableName=TABLE22&tableView=%E4%B8%AD%E8%8D%AF%E4%BF%9D%E6%8A%A4%E5%93%81%E7%A7%8D&Id=31"},{"name":"31.芪参益气滴丸 (ZYB20720170060 天士力制药集团股份有限公司 国药准字Z20030139)","url":"http://app1.sfda.gov.cn/datasearch/face3/content.jsp?tableId=22&tableName=TABLE22&tableView=%E4%B8%AD%E8%8D%AF%E4%BF%9D%E6%8A%A4%E5%93%81%E7%A7%8D&Id=32"},{"name":"32.百合固金片 (ZYB2072017007 广州诺金制药有限公司 国药准字Z20050219)","url":"http://app1.sfda.gov.cn/datasearch/face3/content.jsp?tableId=22&tableName=TABLE22&tableView=%E4%B8%AD%E8%8D%AF%E4%BF%9D%E6%8A%A4%E5%93%81%E7%A7%8D&Id=33"},{"name":"33.片仔癀 (ZYB11020180010 漳州片仔癀药业股份有限公司 国药准字Z35020243)","url":"http://app1.sfda.gov.cn/datasearch/face3/content.jsp?tableId=22&tableName=TABLE22&tableView=%E4%B8%AD%E8%8D%AF%E4%BF%9D%E6%8A%A4%E5%93%81%E7%A7%8D&Id=34"},{"name":"34.灯盏花素滴丸 (ZYB2072018002 南昌弘益药业有限公司 国药准字Z20080076)","url":"http://app1.sfda.gov.cn/datasearch/face3/content.jsp?tableId=22&tableName=TABLE22&tableView=%E4%B8%AD%E8%8D%AF%E4%BF%9D%E6%8A%A4%E5%93%81%E7%A7%8D&Id=35"},{"name":"35.金天格胶囊 (ZYB2072017012 金花企业(集团)股份有限公司西安金花制药厂 国药准字Z20030080)","url":"http://app1.sfda.gov.cn/datasearch/face3/content.jsp?tableId=22&tableName=TABLE22&tableView=%E4%B8%AD%E8%8D%AF%E4%BF%9D%E6%8A%A4%E5%93%81%E7%A7%8D&Id=36"},{"name":"36.百合更年安颗粒 (ZYB20720180030 北京同仁堂科技发展股份有限公司制药厂 国药准字Z20040036)","url":"http://app1.sfda.gov.cn/datasearch/face3/content.jsp?tableId=22&tableName=TABLE22&tableView=%E4%B8%AD%E8%8D%AF%E4%BF%9D%E6%8A%A4%E5%93%81%E7%A7%8D&Id=37"},{"name":"37.复方益母胶囊 (ZYB20720180040 翔宇药业股份有限公司 国药准字Z20030006)","url":"http://app1.sfda.gov.cn/datasearch/face3/content.jsp?tableId=22&tableName=TABLE22&tableView=%E4%B8%AD%E8%8D%AF%E4%BF%9D%E6%8A%A4%E5%93%81%E7%A7%8D&Id=38"},{"name":"38.金嗓开音胶囊 (ZYB20720170100 西安碑林药业股份有限公司 国药准字Z20020058)","url":"http://app1.sfda.gov.cn/datasearch/face3/content.jsp?tableId=22&tableName=TABLE22&tableView=%E4%B8%AD%E8%8D%AF%E4%BF%9D%E6%8A%A4%E5%93%81%E7%A7%8D&Id=39"},{"name":"39.降脂通络软胶囊 (ZYB20720170090 神威药业集团有限公司 国药准字Z20040032)","url":"http://app1.sfda.gov.cn/datasearch/face3/content.jsp?tableId=22&tableName=TABLE22&tableView=%E4%B8%AD%E8%8D%AF%E4%BF%9D%E6%8A%A4%E5%93%81%E7%A7%8D&Id=40"},{"name":"40.通络生骨胶囊 (ZYB20720170140 浙江海正药业股份有限公司 国药准字Z20040001)","url":"http://app1.sfda.gov.cn/datasearch/face3/content.jsp?tableId=22&tableName=TABLE22&tableView=%E4%B8%AD%E8%8D%AF%E4%BF%9D%E6%8A%A4%E5%93%81%E7%A7%8D&Id=41"},{"name":"41.龙香平喘胶囊 (ZYB2072017011 山东华信制药集团股份有限公司 国药准字Z20030138)","url":"http://app1.sfda.gov.cn/datasearch/face3/content.jsp?tableId=22&tableName=TABLE22&tableView=%E4%B8%AD%E8%8D%AF%E4%BF%9D%E6%8A%A4%E5%93%81%E7%A7%8D&Id=42"},{"name":"42.骨参片 (ZYB2072018005 武汉科兴医药科技开发有限公司 国药准字Z20100042)","url":"http://app1.sfda.gov.cn/datasearch/face3/content.jsp?tableId=22&tableName=TABLE22&tableView=%E4%B8%AD%E8%8D%AF%E4%BF%9D%E6%8A%A4%E5%93%81%E7%A7%8D&Id=43"},{"name":"43.四磨汤口服液 (ZYB2072017013 湖南汉森制药股份有限公司 国药准字Z20025044)","url":"http://app1.sfda.gov.cn/datasearch/face3/content.jsp?tableId=22&tableName=TABLE22&tableView=%E4%B8%AD%E8%8D%AF%E4%BF%9D%E6%8A%A4%E5%93%81%E7%A7%8D&Id=44"},{"name":"44.丹蒌片 (ZYB2072017002 吉林康乃尔药业有限公司 国药准字Z20050244)","url":"http://app1.sfda.gov.cn/datasearch/face3/content.jsp?tableId=22&tableName=TABLE22&tableView=%E4%B8%AD%E8%8D%AF%E4%BF%9D%E6%8A%A4%E5%93%81%E7%A7%8D&Id=45"},{"name":"45.附桂骨痛颗粒 (ZYB20720140090 清华德人西安幸福制药有限公司 国药准字Z19991050)","url":"http://app1.sfda.gov.cn/datasearch/face3/content.jsp?tableId=22&tableName=TABLE22&tableView=%E4%B8%AD%E8%8D%AF%E4%BF%9D%E6%8A%A4%E5%93%81%E7%A7%8D&Id=46"},{"name":"46.藿香正气滴丸 (ZYB20720120490 天津天士力制药股份有限公司 国药准字Z20000048)","url":"http://app1.sfda.gov.cn/datasearch/face3/content.jsp?tableId=22&tableName=TABLE22&tableView=%E4%B8%AD%E8%8D%AF%E4%BF%9D%E6%8A%A4%E5%93%81%E7%A7%8D&Id=47"},{"name":"47.灵莲花颗粒 (ZYB2072014021 浙江佐力药业股份有限公司 国药准字Z20090711)","url":"http://app1.sfda.gov.cn/datasearch/face3/content.jsp?tableId=22&tableName=TABLE22&tableView=%E4%B8%AD%E8%8D%AF%E4%BF%9D%E6%8A%A4%E5%93%81%E7%A7%8D&Id=48"},{"name":"48.银杏酮酯滴丸 (ZYB2072012061-2 浙江九旭药业有限公司 国药准字Z20050393)","url":"http://app1.sfda.gov.cn/datasearch/face3/content.jsp?tableId=22&tableName=TABLE22&tableView=%E4%B8%AD%E8%8D%AF%E4%BF%9D%E6%8A%A4%E5%93%81%E7%A7%8D&Id=49"},{"name":"49.血栓通胶囊 (ZYB2072014023 哈尔滨珍宝制药有限公司 国药准字Z20025972)","url":"http://app1.sfda.gov.cn/datasearch/face3/content.jsp?tableId=22&tableName=TABLE22&tableView=%E4%B8%AD%E8%8D%AF%E4%BF%9D%E6%8A%A4%E5%93%81%E7%A7%8D&Id=50"},{"name":"50.乌灵胶囊 (ZYB20720140040 浙江佐力药业股份有限公司 国药准字Z19990048)","url":"http://app1.sfda.gov.cn/datasearch/face3/content.jsp?tableId=22&tableName=TABLE22&tableView=%E4%B8%AD%E8%8D%AF%E4%BF%9D%E6%8A%A4%E5%93%81%E7%A7%8D&Id=51"},{"name":"51.九味镇心颗粒 (ZYB2072014020 北京北陆药业股份有限公司 国药准字Z20080008)","url":"http://app1.sfda.gov.cn/datasearch/face3/content.jsp?tableId=22&tableName=TABLE22&tableView=%E4%B8%AD%E8%8D%AF%E4%BF%9D%E6%8A%A4%E5%93%81%E7%A7%8D&Id=52"},{"name":"52.藿胆片 (ZYB20720130300 吉林紫鑫药业股份有限公司 国药准字Z22024791)","url":"http://app1.sfda.gov.cn/datasearch/face3/content.jsp?tableId=22&tableName=TABLE22&tableView=%E4%B8%AD%E8%8D%AF%E4%BF%9D%E6%8A%A4%E5%93%81%E7%A7%8D&Id=53"},{"name":"53.强力枇杷胶囊 (ZYB20720140190 江西药都樟树制药有限公司 国药准字Z20000117)","url":"http://app1.sfda.gov.cn/datasearch/face3/content.jsp?tableId=22&tableName=TABLE22&tableView=%E4%B8%AD%E8%8D%AF%E4%BF%9D%E6%8A%A4%E5%93%81%E7%A7%8D&Id=54"},{"name":"54.小儿七星茶口服液 (ZYB2072014003 中山市恒生药业有限公司 国药准字Z20050862)","url":"http://app1.sfda.gov.cn/datasearch/face3/content.jsp?tableId=22&tableName=TABLE22&tableView=%E4%B8%AD%E8%8D%AF%E4%BF%9D%E6%8A%A4%E5%93%81%E7%A7%8D&Id=55"},{"name":"55.正柴胡饮胶囊 (ZYB20720140180 山西太行药业股份有限公司 国药准字Z20030031)","url":"http://app1.sfda.gov.cn/datasearch/face3/content.jsp?tableId=22&tableName=TABLE22&tableView=%E4%B8%AD%E8%8D%AF%E4%BF%9D%E6%8A%A4%E5%93%81%E7%A7%8D&Id=56"},{"name":"56.鱼腥草滴眼液 (ZYB20720140170 四川升和药业股份有限公司 国药准字Z20010110)","url":"http://app1.sfda.gov.cn/datasearch/face3/content.jsp?tableId=22&tableName=TABLE22&tableView=%E4%B8%AD%E8%8D%AF%E4%BF%9D%E6%8A%A4%E5%93%81%E7%A7%8D&Id=57"},{"name":"57.葛酮通络胶囊 (ZYB2072012048 安徽九方制药有限公司 国药准字Z20060439)","url":"http://app1.sfda.gov.cn/datasearch/face3/content.jsp?tableId=22&tableName=TABLE22&tableView=%E4%B8%AD%E8%8D%AF%E4%BF%9D%E6%8A%A4%E5%93%81%E7%A7%8D&Id=58"},{"name":"58.芪丹通脉片 (ZYB2072014008 山西太行药业股份有限公司 国药准字Z20090252)","url":"http://app1.sfda.gov.cn/datasearch/face3/content.jsp?tableId=22&tableName=TABLE22&tableView=%E4%B8%AD%E8%8D%AF%E4%BF%9D%E6%8A%A4%E5%93%81%E7%A7%8D&Id=59"},{"name":"59.十味蒂达胶囊 (ZYB20720130240 西藏诺迪康药业股份有限公司 国药准字Z20020047)","url":"http://app1.sfda.gov.cn/datasearch/face3/content.jsp?tableId=22&tableName=TABLE22&tableView=%E4%B8%AD%E8%8D%AF%E4%BF%9D%E6%8A%A4%E5%93%81%E7%A7%8D&Id=60"},{"name":"60.小儿双清颗粒 (ZYB20720130230 西藏诺迪康药业股份有限公司 国药准字Z19991018)","url":"http://app1.sfda.gov.cn/datasearch/face3/content.jsp?tableId=22&tableName=TABLE22&tableView=%E4%B8%AD%E8%8D%AF%E4%BF%9D%E6%8A%A4%E5%93%81%E7%A7%8D&Id=61"},{"name":"61.麝香海马追风膏 (ZYB20720120470 重庆希尔安药业有限公司 国药准字Z50020097)","url":"http://app1.sfda.gov.cn/datasearch/face3/content.jsp?tableId=22&tableName=TABLE22&tableView=%E4%B8%AD%E8%8D%AF%E4%BF%9D%E6%8A%A4%E5%93%81%E7%A7%8D&Id=62"},{"name":"62.强力枇杷膏（蜜炼） (ZYB2072013003 江西滕王阁药业有限公司 国药准字Z20013001)","url":"http://app1.sfda.gov.cn/datasearch/face3/content.jsp?tableId=22&tableName=TABLE22&tableView=%E4%B8%AD%E8%8D%AF%E4%BF%9D%E6%8A%A4%E5%93%81%E7%A7%8D&Id=63"},{"name":"63.扭伤归胶囊 (ZYB20720130070 无锡济民可信山禾药业股份有限公司 国药准字Z32020557)","url":"http://app1.sfda.gov.cn/datasearch/face3/content.jsp?tableId=22&tableName=TABLE22&tableView=%E4%B8%AD%E8%8D%AF%E4%BF%9D%E6%8A%A4%E5%93%81%E7%A7%8D&Id=64"},{"name":"64.拨云锭 (ZYB20720120460 楚雄老拨云堂药业有限公司 国药准字Z53020061)","url":"http://app1.sfda.gov.cn/datasearch/face3/content.jsp?tableId=22&tableName=TABLE22&tableView=%E4%B8%AD%E8%8D%AF%E4%BF%9D%E6%8A%A4%E5%93%81%E7%A7%8D&Id=65"},{"name":"65.消栓颗粒 (ZYB20720130200 哈药集团中药二厂 国药准字Z10940050)","url":"http://app1.sfda.gov.cn/datasearch/face3/content.jsp?tableId=22&tableName=TABLE22&tableView=%E4%B8%AD%E8%8D%AF%E4%BF%9D%E6%8A%A4%E5%93%81%E7%A7%8D&Id=66"},{"name":"66.消栓颗粒 (ZYB20720130201 黑龙江省济仁药业有限公司 国药准字Z20033085)","url":"http://app1.sfda.gov.cn/datasearch/face3/content.jsp?tableId=22&tableName=TABLE22&tableView=%E4%B8%AD%E8%8D%AF%E4%BF%9D%E6%8A%A4%E5%93%81%E7%A7%8D&Id=67"},{"name":"67.清肝降压胶囊 (ZYB2072012060 北京洪天力药业有限公司 国药准字Z20093712)","url":"http://app1.sfda.gov.cn/datasearch/face3/content.jsp?tableId=22&tableName=TABLE22&tableView=%E4%B8%AD%E8%8D%AF%E4%BF%9D%E6%8A%A4%E5%93%81%E7%A7%8D&Id=68"},{"name":"68.脉血康胶囊 (ZYB20720130110 贵州信邦制药股份有限公司 国药准字Z20033197)","url":"http://app1.sfda.gov.cn/datasearch/face3/content.jsp?tableId=22&tableName=TABLE22&tableView=%E4%B8%AD%E8%8D%AF%E4%BF%9D%E6%8A%A4%E5%93%81%E7%A7%8D&Id=69"},{"name":"69.小儿白贝止咳糖浆 (ZYB20720140120 吉林草还丹药业有限公司 国药准字Z22020176)","url":"http://app1.sfda.gov.cn/datasearch/face3/content.jsp?tableId=22&tableName=TABLE22&tableView=%E4%B8%AD%E8%8D%AF%E4%BF%9D%E6%8A%A4%E5%93%81%E7%A7%8D&Id=70"},{"name":"70.柴胡滴丸 (ZYB20720130100 天津天士力制药股份有限公司 国药准字Z19990024、国药准字Z20020053)","url":"http://app1.sfda.gov.cn/datasearch/face3/content.jsp?tableId=22&tableName=TABLE22&tableView=%E4%B8%AD%E8%8D%AF%E4%BF%9D%E6%8A%A4%E5%93%81%E7%A7%8D&Id=71"},{"name":"71.玉屏风胶囊 (ZYB20720130040 江苏吉贝尔药业股份有限公司 国药准字Z10980026)","url":"http://app1.sfda.gov.cn/datasearch/face3/content.jsp?tableId=22&tableName=TABLE22&tableView=%E4%B8%AD%E8%8D%AF%E4%BF%9D%E6%8A%A4%E5%93%81%E7%A7%8D&Id=72"},{"name":"72.心悦胶囊 (ZYB2072012040 吉林省集安益盛药业股份有限公司 国药准字Z20030073)","url":"http://app1.sfda.gov.cn/datasearch/face3/content.jsp?tableId=22&tableName=TABLE22&tableView=%E4%B8%AD%E8%8D%AF%E4%BF%9D%E6%8A%A4%E5%93%81%E7%A7%8D&Id=73"},{"name":"73.参桂胶囊 (ZYB20720120500 上海玉丹药业有限公司 国药准字Z20000060)","url":"http://app1.sfda.gov.cn/datasearch/face3/content.jsp?tableId=22&tableName=TABLE22&tableView=%E4%B8%AD%E8%8D%AF%E4%BF%9D%E6%8A%A4%E5%93%81%E7%A7%8D&Id=74"},{"name":"74.四妙丸 (ZYB20720120390 吉林紫鑫药业股份有限公司 国药准字Z22024960)","url":"http://app1.sfda.gov.cn/datasearch/face3/content.jsp?tableId=22&tableName=TABLE22&tableView=%E4%B8%AD%E8%8D%AF%E4%BF%9D%E6%8A%A4%E5%93%81%E7%A7%8D&Id=75"},{"name":"75.血塞通软胶囊 (ZYB20720130090 昆明圣火药业（集团）有限公司 国药准字Z19990022)","url":"http://app1.sfda.gov.cn/datasearch/face3/content.jsp?tableId=22&tableName=TABLE22&tableView=%E4%B8%AD%E8%8D%AF%E4%BF%9D%E6%8A%A4%E5%93%81%E7%A7%8D&Id=76"},{"name":"76.射干利咽口服液 (ZYB20720120450 通化东宝永健制药有限公司 国药准字Z10970126)","url":"http://app1.sfda.gov.cn/datasearch/face3/content.jsp?tableId=22&tableName=TABLE22&tableView=%E4%B8%AD%E8%8D%AF%E4%BF%9D%E6%8A%A4%E5%93%81%E7%A7%8D&Id=77"},{"name":"77.养血清脑颗粒 (ZYB20720120200 天津天士力制药股份有限公司 国药准字Z10960082)","url":"http://app1.sfda.gov.cn/datasearch/face3/content.jsp?tableId=22&tableName=TABLE22&tableView=%E4%B8%AD%E8%8D%AF%E4%BF%9D%E6%8A%A4%E5%93%81%E7%A7%8D&Id=78"},{"name":"78.藿香清胃片 (ZYB20720140070 广州市花城制药厂 国药准字Z44020161)","url":"http://app1.sfda.gov.cn/datasearch/face3/content.jsp?tableId=22&tableName=TABLE22&tableView=%E4%B8%AD%E8%8D%AF%E4%BF%9D%E6%8A%A4%E5%93%81%E7%A7%8D&Id=79"},{"name":"79.大七厘胶囊 (ZYB2072012059 江西昂泰制药有限公司 国药准字Z20050144)","url":"http://app1.sfda.gov.cn/datasearch/face3/content.jsp?tableId=22&tableName=TABLE22&tableView=%E4%B8%AD%E8%8D%AF%E4%BF%9D%E6%8A%A4%E5%93%81%E7%A7%8D&Id=80"},{"name":"80.复方西羚解毒片 (ZYB20720120230 山东宏济堂制药集团股份有限公司 国药准字Z37020025)","url":"http://app1.sfda.gov.cn/datasearch/face3/content.jsp?tableId=22&tableName=TABLE22&tableView=%E4%B8%AD%E8%8D%AF%E4%BF%9D%E6%8A%A4%E5%93%81%E7%A7%8D&Id=81"},{"name":"81.正天丸 (ZYB20720120210 华润三九医药股份有限公司 国药准字Z44020711)","url":"http://app1.sfda.gov.cn/datasearch/face3/content.jsp?tableId=22&tableName=TABLE22&tableView=%E4%B8%AD%E8%8D%AF%E4%BF%9D%E6%8A%A4%E5%93%81%E7%A7%8D&Id=82"},{"name":"82.人参败毒胶囊 (ZYB20720120380 健康药业（中国）有限公司 国药准字Z20053379)","url":"http://app1.sfda.gov.cn/datasearch/face3/content.jsp?tableId=22&tableName=TABLE22&tableView=%E4%B8%AD%E8%8D%AF%E4%BF%9D%E6%8A%A4%E5%93%81%E7%A7%8D&Id=83"},{"name":"83.妇炎消泡腾片 (ZYB20720120440 广州白云山中一药业有限公司 国药准字Z19991083)","url":"http://app1.sfda.gov.cn/datasearch/face3/content.jsp?tableId=22&tableName=TABLE22&tableView=%E4%B8%AD%E8%8D%AF%E4%BF%9D%E6%8A%A4%E5%93%81%E7%A7%8D&Id=84"},{"name":"84.八珍益母胶囊 (ZYB20720120430 江西南昌桑海制药厂 国药准字Z19980009)","url":"http://app1.sfda.gov.cn/datasearch/face3/content.jsp?tableId=22&tableName=TABLE22&tableView=%E4%B8%AD%E8%8D%AF%E4%BF%9D%E6%8A%A4%E5%93%81%E7%A7%8D&Id=85"},{"name":"85.金刚藤胶囊 (ZYB20720120370 湖北福人药业股份有限公司 国药准字Z19991031)","url":"http://app1.sfda.gov.cn/datasearch/face3/content.jsp?tableId=22&tableName=TABLE22&tableView=%E4%B8%AD%E8%8D%AF%E4%BF%9D%E6%8A%A4%E5%93%81%E7%A7%8D&Id=86"},{"name":"86.抗骨增生胶囊 (ZYB20720130020 江苏康缘药业股份有限公司 国药准字Z10980006)","url":"http://app1.sfda.gov.cn/datasearch/face3/content.jsp?tableId=22&tableName=TABLE22&tableView=%E4%B8%AD%E8%8D%AF%E4%BF%9D%E6%8A%A4%E5%93%81%E7%A7%8D&Id=87"},{"name":"87.金糖宁胶囊 (ZYB2072011034 漳州片仔癀药业股份有限公司 国药准字Z20080011)","url":"http://app1.sfda.gov.cn/datasearch/face3/content.jsp?tableId=22&tableName=TABLE22&tableView=%E4%B8%AD%E8%8D%AF%E4%BF%9D%E6%8A%A4%E5%93%81%E7%A7%8D&Id=88"},{"name":"88.参芪扶正注射液 (ZYB20720130010 丽珠集团利民制药厂 国药准字Z19990065)","url":"http://app1.sfda.gov.cn/datasearch/face3/content.jsp?tableId=22&tableName=TABLE22&tableView=%E4%B8%AD%E8%8D%AF%E4%BF%9D%E6%8A%A4%E5%93%81%E7%A7%8D&Id=89"},{"name":"89.中风安口服液 (ZYB20720120180 河北瑞生药业有限公司 国药准字Z20000037)","url":"http://app1.sfda.gov.cn/datasearch/face3/content.jsp?tableId=22&tableName=TABLE22&tableView=%E4%B8%AD%E8%8D%AF%E4%BF%9D%E6%8A%A4%E5%93%81%E7%A7%8D&Id=90"},{"name":"90.壮骨止痛胶囊 (ZYB2072012036 四川美大康药业股份有限公司 国药准字Z20050118)","url":"http://app1.sfda.gov.cn/datasearch/face3/content.jsp?tableId=22&tableName=TABLE22&tableView=%E4%B8%AD%E8%8D%AF%E4%BF%9D%E6%8A%A4%E5%93%81%E7%A7%8D&Id=91"},{"name":"91.参松养心胶囊 (ZYB2072012025 北京以岭药业有限公司 国药准字Z20103032)","url":"http://app1.sfda.gov.cn/datasearch/face3/content.jsp?tableId=22&tableName=TABLE22&tableView=%E4%B8%AD%E8%8D%AF%E4%BF%9D%E6%8A%A4%E5%93%81%E7%A7%8D&Id=92"},{"name":"92.注射用丹参多酚酸盐 (ZYB2072012056 上海绿谷制药有限公司 国药准字Z20050247；国药准字Z20050248；国药准字Z20050249)","url":"http://app1.sfda.gov.cn/datasearch/face3/content.jsp?tableId=22&tableName=TABLE22&tableView=%E4%B8%AD%E8%8D%AF%E4%BF%9D%E6%8A%A4%E5%93%81%E7%A7%8D&Id=93"},{"name":"93.生血宁片 (ZYB2072012002 武汉联合药业有限责任公司 国药准字Z20030088)","url":"http://app1.sfda.gov.cn/datasearch/face3/content.jsp?tableId=22&tableName=TABLE22&tableView=%E4%B8%AD%E8%8D%AF%E4%BF%9D%E6%8A%A4%E5%93%81%E7%A7%8D&Id=94"},{"name":"94.芩石利咽口服液 (ZYB2072011008 通化金马药业集团股份有限公司 国药准字Z20010120)","url":"http://app1.sfda.gov.cn/datasearch/face3/content.jsp?tableId=22&tableName=TABLE22&tableView=%E4%B8%AD%E8%8D%AF%E4%BF%9D%E6%8A%A4%E5%93%81%E7%A7%8D&Id=95"},{"name":"95.冠心舒通胶囊 (ZYB2072011031 陕西步长制药有限公司 国药准字Z20020055)","url":"http://app1.sfda.gov.cn/datasearch/face3/content.jsp?tableId=22&tableName=TABLE22&tableView=%E4%B8%AD%E8%8D%AF%E4%BF%9D%E6%8A%A4%E5%93%81%E7%A7%8D&Id=96"},{"name":"96.都梁软胶囊 (ZYB20720130280 重庆华森制药有限公司 国药准字Z20055185)","url":"http://app1.sfda.gov.cn/datasearch/face3/content.jsp?tableId=22&tableName=TABLE22&tableView=%E4%B8%AD%E8%8D%AF%E4%BF%9D%E6%8A%A4%E5%93%81%E7%A7%8D&Id=97"},{"name":"97.芪明颗粒 (ZYB2072013017 浙江万晟药业有限公司 国药准字Z20090036)","url":"http://app1.sfda.gov.cn/datasearch/face3/content.jsp?tableId=22&tableName=TABLE22&tableView=%E4%B8%AD%E8%8D%AF%E4%BF%9D%E6%8A%A4%E5%93%81%E7%A7%8D&Id=98"},{"name":"98.炎见宁片 (ZYB20720130270 广西梧州制药（集团）股份有限公司 国药准字Z45020243 国药准字Z45020244)","url":"http://app1.sfda.gov.cn/datasearch/face3/content.jsp?tableId=22&tableName=TABLE22&tableView=%E4%B8%AD%E8%8D%AF%E4%BF%9D%E6%8A%A4%E5%93%81%E7%A7%8D&Id=99"},{"name":"99.益肾壮阳膏 (ZYB2072013018 海南新天夫药业有限公司 国药准字Z20050273)","url":"http://app1.sfda.gov.cn/datasearch/face3/content.jsp?tableId=22&tableName=TABLE22&tableView=%E4%B8%AD%E8%8D%AF%E4%BF%9D%E6%8A%A4%E5%93%81%E7%A7%8D&Id=100"},{"name":"100.含化上清片 (ZYB20720130160 山东方健制药有限公司 国药准字Z37020516)","url":"http://app1.sfda.gov.cn/datasearch/face3/content.jsp?tableId=22&tableName=TABLE22&tableView=%E4%B8%AD%E8%8D%AF%E4%BF%9D%E6%8A%A4%E5%93%81%E7%A7%8D&Id=101"},{"name":"101.柴连口服液 (ZYB20720130290 哈药集团三精制药股份有限公司 国药准字Z20010038)","url":"http://app1.sfda.gov.cn/datasearch/face3/content.jsp?tableId=22&tableName=TABLE22&tableView=%E4%B8%AD%E8%8D%AF%E4%BF%9D%E6%8A%A4%E5%93%81%E7%A7%8D&Id=102"},{"name":"102.清热解毒软胶囊 (ZYB20720130130 石药集团欧意药业有限公司 国药准字Z20000093、国药准字Z20040044、国药准字Z20040045)","url":"http://app1.sfda.gov.cn/datasearch/face3/content.jsp?tableId=22&tableName=TABLE22&tableView=%E4%B8%AD%E8%8D%AF%E4%BF%9D%E6%8A%A4%E5%93%81%E7%A7%8D&Id=103"},{"name":"103.连花清瘟胶囊 (ZYB2072013012 石家庄以岭药业股份有限公司 国药准字Z20040063)","url":"http://app1.sfda.gov.cn/datasearch/face3/content.jsp?tableId=22&tableName=TABLE22&tableView=%E4%B8%AD%E8%8D%AF%E4%BF%9D%E6%8A%A4%E5%93%81%E7%A7%8D&Id=104"},{"name":"104.喘络通胶囊 (ZYB2072014002 云南滇中药业有限公司 国药准字Z20025126)","url":"http://app1.sfda.gov.cn/datasearch/face3/content.jsp?tableId=22&tableName=TABLE22&tableView=%E4%B8%AD%E8%8D%AF%E4%BF%9D%E6%8A%A4%E5%93%81%E7%A7%8D&Id=105"},{"name":"105.热毒宁注射液 (ZYB2072013026 江苏康缘药业股份有限公司 国药准字Z20050217)","url":"http://app1.sfda.gov.cn/datasearch/face3/content.jsp?tableId=22&tableName=TABLE22&tableView=%E4%B8%AD%E8%8D%AF%E4%BF%9D%E6%8A%A4%E5%93%81%E7%A7%8D&Id=106"},{"name":"106.脑心通胶囊 (ZYB2072014014 陕西步长制药有限公司 国药准字Z20025001)","url":"http://app1.sfda.gov.cn/datasearch/face3/content.jsp?tableId=22&tableName=TABLE22&tableView=%E4%B8%AD%E8%8D%AF%E4%BF%9D%E6%8A%A4%E5%93%81%E7%A7%8D&Id=107"},{"name":"107.消银颗粒 (ZYB20720140060 陕西康惠制药股份有限公司 国药准字Z20000019)","url":"http://app1.sfda.gov.cn/datasearch/face3/content.jsp?tableId=22&tableName=TABLE22&tableView=%E4%B8%AD%E8%8D%AF%E4%BF%9D%E6%8A%A4%E5%93%81%E7%A7%8D&Id=108"},{"name":"108.通窍鼻炎颗粒 (ZYB20720130250 四川川大华西药业股份有限公司 国药准字Z10970123)","url":"http://app1.sfda.gov.cn/datasearch/face3/content.jsp?tableId=22&tableName=TABLE22&tableView=%E4%B8%AD%E8%8D%AF%E4%BF%9D%E6%8A%A4%E5%93%81%E7%A7%8D&Id=109"},{"name":"109.舒筋通络颗粒 (ZYB2072012051 神威药业集团有限公司 国药准字Z20050612)","url":"http://app1.sfda.gov.cn/datasearch/face3/content.jsp?tableId=22&tableName=TABLE22&tableView=%E4%B8%AD%E8%8D%AF%E4%BF%9D%E6%8A%A4%E5%93%81%E7%A7%8D&Id=110"},{"name":"110.康脉益心片 (ZYB2072013005 抚顺诠生堂制药有限公司 国药准字Z20053546)","url":"http://app1.sfda.gov.cn/datasearch/face3/content.jsp?tableId=22&tableName=TABLE22&tableView=%E4%B8%AD%E8%8D%AF%E4%BF%9D%E6%8A%A4%E5%93%81%E7%A7%8D&Id=111"},{"name":"111.咳宁糖浆 (ZYB2072011020-1 马应龙药业集团股份有限公司 国药准字Z42021611)","url":"http://app1.sfda.gov.cn/datasearch/face3/content.jsp?tableId=22&tableName=TABLE22&tableView=%E4%B8%AD%E8%8D%AF%E4%BF%9D%E6%8A%A4%E5%93%81%E7%A7%8D&Id=112"},{"name":"112.银杏酮酯滴丸 (ZYB2072012061 山西千汇药业有限公司 国药准字Z20050220)","url":"http://app1.sfda.gov.cn/datasearch/face3/content.jsp?tableId=22&tableName=TABLE22&tableView=%E4%B8%AD%E8%8D%AF%E4%BF%9D%E6%8A%A4%E5%93%81%E7%A7%8D&Id=113"},{"name":"113.脉血康胶囊 (ZYB20720130111 重庆多普泰制药股份有限公司 国药准字Z10970056)","url":"http://app1.sfda.gov.cn/datasearch/face3/content.jsp?tableId=22&tableName=TABLE22&tableView=%E4%B8%AD%E8%8D%AF%E4%BF%9D%E6%8A%A4%E5%93%81%E7%A7%8D&Id=114"},{"name":"114.注射用丹参（冻干） (ZYB20720140130 哈药集团中药二厂 国药准字Z10970093)","url":"http://app1.sfda.gov.cn/datasearch/face3/content.jsp?tableId=22&tableName=TABLE22&tableView=%E4%B8%AD%E8%8D%AF%E4%BF%9D%E6%8A%A4%E5%93%81%E7%A7%8D&Id=115"},{"name":"115.仙桂胶囊 (ZYB2072012029 陕西步长制药有限公司 国药准字Z20010146)","url":"http://app1.sfda.gov.cn/datasearch/face3/content.jsp?tableId=22&tableName=TABLE22&tableView=%E4%B8%AD%E8%8D%AF%E4%BF%9D%E6%8A%A4%E5%93%81%E7%A7%8D&Id=116"},{"name":"116.芪苈强心胶囊 (ZYB2072011007 石家庄以岭药业股份有限公司 国药准字Z20040141)","url":"http://app1.sfda.gov.cn/datasearch/face3/content.jsp?tableId=22&tableName=TABLE22&tableView=%E4%B8%AD%E8%8D%AF%E4%BF%9D%E6%8A%A4%E5%93%81%E7%A7%8D&Id=117"},{"name":"117.麝香心痛宁片 (ZYB2072011025 山东宏济堂制药集团股份有限公司 国药准字Z20040135)","url":"http://app1.sfda.gov.cn/datasearch/face3/content.jsp?tableId=22&tableName=TABLE22&tableView=%E4%B8%AD%E8%8D%AF%E4%BF%9D%E6%8A%A4%E5%93%81%E7%A7%8D&Id=118"},{"name":"118.补肺活血胶囊 (ZYB2072012030 广东远大药业有限公司 国药准字Z20030063)","url":"http://app1.sfda.gov.cn/datasearch/face3/content.jsp?tableId=22&tableName=TABLE22&tableView=%E4%B8%AD%E8%8D%AF%E4%BF%9D%E6%8A%A4%E5%93%81%E7%A7%8D&Id=119"},{"name":"119.紫龙金片 (ZYB2072012014 天津中新药业集团股份有限公司隆顺榕制药厂 国药准字Z20010064)","url":"http://app1.sfda.gov.cn/datasearch/face3/content.jsp?tableId=22&tableName=TABLE22&tableView=%E4%B8%AD%E8%8D%AF%E4%BF%9D%E6%8A%A4%E5%93%81%E7%A7%8D&Id=120"},{"name":"120.厚朴排气合剂 (ZYB2072012031 瑞阳制药有限公司 国药准字Z20050563)","url":"http://app1.sfda.gov.cn/datasearch/face3/content.jsp?tableId=22&tableName=TABLE22&tableView=%E4%B8%AD%E8%8D%AF%E4%BF%9D%E6%8A%A4%E5%93%81%E7%A7%8D&Id=121"},{"name":"121.治咳川贝枇杷滴丸 (ZYB2072012032 天津中新药业集团股份有限公司第六中药厂 国药准字Z20010128)","url":"http://app1.sfda.gov.cn/datasearch/face3/content.jsp?tableId=22&tableName=TABLE22&tableView=%E4%B8%AD%E8%8D%AF%E4%BF%9D%E6%8A%A4%E5%93%81%E7%A7%8D&Id=122"},{"name":"122.咳宁糖浆 (ZYB2072011020 广西壮族自治区花红药业股份有限公司 国药准字Z45020402)","url":"http://app1.sfda.gov.cn/datasearch/face3/content.jsp?tableId=22&tableName=TABLE22&tableView=%E4%B8%AD%E8%8D%AF%E4%BF%9D%E6%8A%A4%E5%93%81%E7%A7%8D&Id=123"},{"name":"123.妇炎平阴道泡腾片 (ZYB2072011014 江西济民可信药业有限公司 国药准字Z20030066)","url":"http://app1.sfda.gov.cn/datasearch/face3/content.jsp?tableId=22&tableName=TABLE22&tableView=%E4%B8%AD%E8%8D%AF%E4%BF%9D%E6%8A%A4%E5%93%81%E7%A7%8D&Id=124"},{"name":"124.葛根汤颗粒 (ZYB2072011013 瑞阳制药有限公司 国药准字Z20030077)","url":"http://app1.sfda.gov.cn/datasearch/face3/content.jsp?tableId=22&tableName=TABLE22&tableView=%E4%B8%AD%E8%8D%AF%E4%BF%9D%E6%8A%A4%E5%93%81%E7%A7%8D&Id=125"},{"name":"125.抗骨增生胶囊 (ZYB20720130021 沈阳诺亚荣康生物制药技术有限责任公司 国药准字Z19980144)","url":"http://app1.sfda.gov.cn/datasearch/face3/content.jsp?tableId=22&tableName=TABLE22&tableView=%E4%B8%AD%E8%8D%AF%E4%BF%9D%E6%8A%A4%E5%93%81%E7%A7%8D&Id=126"},{"name":"126.克感利咽口服液 (ZYB20720120190 广州王老吉药业股份有限公司 国药准字Z10970100)","url":"http://app1.sfda.gov.cn/datasearch/face3/content.jsp?tableId=22&tableName=TABLE22&tableView=%E4%B8%AD%E8%8D%AF%E4%BF%9D%E6%8A%A4%E5%93%81%E7%A7%8D&Id=127"},{"name":"127.藿香清胃片 (ZYB20720140071 百善（唐山）药业有限公司 国药准字Z20063716)","url":"http://app1.sfda.gov.cn/datasearch/face3/content.jsp?tableId=22&tableName=TABLE22&tableView=%E4%B8%AD%E8%8D%AF%E4%BF%9D%E6%8A%A4%E5%93%81%E7%A7%8D&Id=128"},{"name":"128.拨云锭 (ZYB20720120461 武汉五景药业有限公司 国药准字Z42021916)","url":"http://app1.sfda.gov.cn/datasearch/face3/content.jsp?tableId=22&tableName=TABLE22&tableView=%E4%B8%AD%E8%8D%AF%E4%BF%9D%E6%8A%A4%E5%93%81%E7%A7%8D&Id=129"},{"name":"129.三七伤药胶囊 (ZYB20720140111 广西玉林制药集团有限责任公司 国药准字Z19980087)","url":"http://app1.sfda.gov.cn/datasearch/face3/content.jsp?tableId=22&tableName=TABLE22&tableView=%E4%B8%AD%E8%8D%AF%E4%BF%9D%E6%8A%A4%E5%93%81%E7%A7%8D&Id=130"},{"name":"130.滴通鼻炎水喷雾剂 (ZYB2072012033 广西博科药业有限公司 国药准字Z20050412)","url":"http://app1.sfda.gov.cn/datasearch/face3/content.jsp?tableId=22&tableName=TABLE22&tableView=%E4%B8%AD%E8%8D%AF%E4%BF%9D%E6%8A%A4%E5%93%81%E7%A7%8D&Id=131"},{"name":"131.舒脑欣滴丸 (ZYB2072012028 天津中新药业集团股份有限公司第六中药厂 国药准字Z20050041)","url":"http://app1.sfda.gov.cn/datasearch/face3/content.jsp?tableId=22&tableName=TABLE22&tableView=%E4%B8%AD%E8%8D%AF%E4%BF%9D%E6%8A%A4%E5%93%81%E7%A7%8D&Id=132"},{"name":"132.小儿白贝止咳糖浆 (ZYB20720140121 吉林巨仁堂药业股份有限公司 国药准字Z22023772)","url":"http://app1.sfda.gov.cn/datasearch/face3/content.jsp?tableId=22&tableName=TABLE22&tableView=%E4%B8%AD%E8%8D%AF%E4%BF%9D%E6%8A%A4%E5%93%81%E7%A7%8D&Id=133"},{"name":"133.冠心丹参滴丸 (ZYB20720140010 中发实业集团业锐药业有限公司 国药准字Z20010037、国药准字Z20093232（薄膜衣）)","url":"http://app1.sfda.gov.cn/datasearch/face3/content.jsp?tableId=22&tableName=TABLE22&tableView=%E4%B8%AD%E8%8D%AF%E4%BF%9D%E6%8A%A4%E5%93%81%E7%A7%8D&Id=134"},{"name":"134.荆肤止痒颗粒 (ZYB20720140360 四川光大制药有限公司 国药准字Z10970119)","url":"http://app1.sfda.gov.cn/datasearch/face3/content.jsp?tableId=22&tableName=TABLE22&tableView=%E4%B8%AD%E8%8D%AF%E4%BF%9D%E6%8A%A4%E5%93%81%E7%A7%8D&Id=135"},{"name":"135.消银胶囊 (ZYB20720140350 陕西摩美得制药有限公司 国药准字Z20000110)","url":"http://app1.sfda.gov.cn/datasearch/face3/content.jsp?tableId=22&tableName=TABLE22&tableView=%E4%B8%AD%E8%8D%AF%E4%BF%9D%E6%8A%A4%E5%93%81%E7%A7%8D&Id=136"}]