[{"id":"2',null)"},{"id":"3',null)"},{"id":"4',null)"},{"id":"5',null)"},{"id":"6',null)"},{"id":"7',null)"},{"id":"8',null)"},{"id":"9',null)"},{"id":"10',null)"},{"id":"11',null)"},{"id":"12',null)"},{"id":"13',null)"},{"id":"14',null)"},{"id":"15',null)"},{"id":"16',null)"},{"id":"137',null)"},{"id":"138',null)"},{"id":"139',null)"},{"id":"140',null)"},{"id":"141',null)"},{"id":"142',null)"},{"id":"143',null)"},{"id":"144',null)"},{"id":"145',null)"},{"id":"146',null)"},{"id":"147',null)"},{"id":"148',null)"},{"id":"149',null)"},{"id":"150',null)"},{"id":"151',null)"},{"id":"152',null)"},{"id":"153',null)"},{"id":"154',null)"},{"id":"155',null)"},{"id":"156',null)"},{"id":"157',null)"},{"id":"158',null)"},{"id":"159',null)"},{"id":"160',null)"},{"id":"161',null)"},{"id":"162',null)"},{"id":"163',null)"},{"id":"164',null)"},{"id":"165',null)"},{"id":"166',null)"},{"id":"167',null)"},{"id":"168',null)"},{"id":"169',null)"},{"id":"170',null)"},{"id":"171',null)"},{"id":"172',null)"},{"id":"173',null)"},{"id":"174',null)"},{"id":"175',null)"},{"id":"176',null)"},{"id":"177',null)"},{"id":"178',null)"},{"id":"179',null)"},{"id":"180',null)"},{"id":"181',null)"},{"id":"182',null)"},{"id":"183',null)"},{"id":"184',null)"},{"id":"185',null)"},{"id":"186',null)"},{"id":"187',null)"},{"id":"188',null)"},{"id":"189',null)"},{"id":"190',null)"},{"id":"191',null)"},{"id":"192',null)"},{"id":"193',null)"},{"id":"194',null)"},{"id":"195',null)"},{"id":"196',null)"},{"id":"197',null)"},{"id":"198',null)"},{"id":"199',null)"},{"id":"200',null)"},{"id":"201',null)"},{"id":"202',null)"},{"id":"203',null)"},{"id":"204',null)"},{"id":"205',null)"},{"id":"206',null)"},{"id":"207',null)"},{"id":"208',null)"},{"id":"209',null)"},{"id":"210',null)"},{"id":"211',null)"},{"id":"212',null)"},{"id":"213',null)"},{"id":"17',null)"},{"id":"18',null)"},{"id":"19',null)"},{"id":"20',null)"},{"id":"21',null)"},{"id":"22',null)"},{"id":"23',null)"},{"id":"24',null)"},{"id":"25',null)"},{"id":"26',null)"},{"id":"27',null)"},{"id":"28',null)"},{"id":"29',null)"},{"id":"30',null)"},{"id":"31',null)"},{"id":"32',null)"},{"id":"33',null)"},{"id":"34',null)"},{"id":"35',null)"},{"id":"36',null)"},{"id":"37',null)"},{"id":"38',null)"},{"id":"39',null)"},{"id":"40',null)"},{"id":"41',null)"},{"id":"42',null)"},{"id":"43',null)"},{"id":"44',null)"},{"id":"45',null)"},{"id":"46',null)"},{"id":"47',null)"},{"id":"48',null)"},{"id":"49',null)"},{"id":"50',null)"},{"id":"51',null)"},{"id":"52',null)"},{"id":"53',null)"},{"id":"54',null)"},{"id":"55',null)"},{"id":"56',null)"},{"id":"57',null)"},{"id":"58',null)"},{"id":"59',null)"},{"id":"60',null)"},{"id":"61',null)"},{"id":"62',null)"},{"id":"63',null)"},{"id":"64',null)"},{"id":"65',null)"},{"id":"66',null)"},{"id":"67',null)"},{"id":"68',null)"},{"id":"69',null)"},{"id":"70',null)"},{"id":"71',null)"},{"id":"72',null)"},{"id":"73',null)"},{"id":"74',null)"},{"id":"75',null)"},{"id":"76',null)"},{"id":"77',null)"},{"id":"78',null)"},{"id":"79',null)"},{"id":"80',null)"},{"id":"81',null)"},{"id":"82',null)"},{"id":"83',null)"},{"id":"84',null)"},{"id":"85',null)"},{"id":"86',null)"},{"id":"87',null)"},{"id":"88',null)"},{"id":"89',null)"},{"id":"90',null)"},{"id":"91',null)"},{"id":"92',null)"},{"id":"93',null)"},{"id":"94',null)"},{"id":"95',null)"},{"id":"96',null)"},{"id":"97',null)"},{"id":"98',null)"},{"id":"99',null)"},{"id":"100',null)"},{"id":"101',null)"},{"id":"102',null)"},{"id":"103',null)"},{"id":"104',null)"},{"id":"105',null)"},{"id":"106',null)"},{"id":"107',null)"},{"id":"108',null)"},{"id":"109',null)"},{"id":"110',null)"},{"id":"111',null)"},{"id":"112',null)"},{"id":"113',null)"},{"id":"114',null)"},{"id":"115',null)"},{"id":"116',null)"},{"id":"117',null)"},{"id":"118',null)"},{"id":"119',null)"},{"id":"120',null)"},{"id":"121',null)"},{"id":"122',null)"},{"id":"123',null)"},{"id":"124',null)"},{"id":"125',null)"},{"id":"126',null)"},{"id":"127',null)"},{"id":"128',null)"},{"id":"129',null)"},{"id":"130',null)"},{"id":"131',null)"},{"id":"132',null)"},{"id":"133',null)"},{"id":"134',null)"},{"id":"135',null)"},{"id":"136',null)"}]