[{"id":"17760"},{"id":"17759"},{"id":"17756"},{"id":"17755"},{"id":"17753"},{"id":"17754"},{"id":"17761"},{"id":"17751"},{"id":"17710"},{"id":"17750"},{"id":"17757"},{"id":"17758"},{"id":"17749"},{"id":"17719"},{"id":"17705"},{"id":"17720"},{"id":"17522"},{"id":"17468"},{"id":"17467"},{"id":"17464"},{"id":"17689"},{"id":"17651"},{"id":"17694"},{"id":"17489"},{"id":"17488"},{"id":"17485"},{"id":"17486"},{"id":"17487"},{"id":"17507"},{"id":"17544"},{"id":"16043"},{"id":"16049"},{"id":"16065"},{"id":"16147"},{"id":"16145"},{"id":"16146"},{"id":"16053"},{"id":"16052"},{"id":"16040"},{"id":"16039"},{"id":"16054"},{"id":"16163"},{"id":"16164"},{"id":"16068"},{"id":"16443"},{"id":"16037"},{"id":"16045"},{"id":"15605"},{"id":"16191"},{"id":"16028"},{"id":"16259"},{"id":"16009"},{"id":"16038"},{"id":"16070"},{"id":"16069"},{"id":"16086"},{"id":"16023"},{"id":"16022"},{"id":"16021"},{"id":"16020"},{"id":"16017"},{"id":"16019"},{"id":"16018"},{"id":"16258"},{"id":"16027"},{"id":"16541"},{"id":"16024"},{"id":"16026"},{"id":"16025"},{"id":"16013"},{"id":"16014"},{"id":"16012"},{"id":"16011"},{"id":"16010"},{"id":"16001"},{"id":"16029"},{"id":"16247"},{"id":"15998"},{"id":"15979"},{"id":"16116"},{"id":"16117"},{"id":"15987"},{"id":"15986"},{"id":"15908"},{"id":"16591"},{"id":"15962"},{"id":"15971"},{"id":"15995"},{"id":"15985"},{"id":"15905"},{"id":"16317"},{"id":"15898"},{"id":"15990"},{"id":"15991"},{"id":"16097"},{"id":"16424"},{"id":"15910"},{"id":"15997"},{"id":"16423"},{"id":"15907"},{"id":"15899"},{"id":"15965"},{"id":"15960"},{"id":"15919"},{"id":"15918"},{"id":"15989"},{"id":"16000"},{"id":"15972"},{"id":"16064"},{"id":"16192"},{"id":"15931"},{"id":"16059"},{"id":"15934"},{"id":"16540"},{"id":"16658"},{"id":"15912"},{"id":"16657"},{"id":"15964"},{"id":"16324"},{"id":"15956"},{"id":"15955"},{"id":"15954"},{"id":"15953"},{"id":"15952"},{"id":"15951"},{"id":"15950"},{"id":"15949"},{"id":"15948"},{"id":"15947"},{"id":"15944"},{"id":"15943"},{"id":"15932"},{"id":"16400"},{"id":"16309"},{"id":"16308"},{"id":"16030"},{"id":"15909"},{"id":"15933"},{"id":"15852"},{"id":"15851"},{"id":"15866"},{"id":"15848"},{"id":"15849"},{"id":"15847"},{"id":"15880"},{"id":"16091"},{"id":"16092"},{"id":"16093"},{"id":"16094"},{"id":"16008"},{"id":"15904"},{"id":"15920"},{"id":"16041"},{"id":"15854"},{"id":"15888"},{"id":"15887"},{"id":"15853"},{"id":"15914"},{"id":"15840"},{"id":"15839"},{"id":"15838"},{"id":"15863"},{"id":"15862"},{"id":"15827"},{"id":"15825"},{"id":"15837"},{"id":"15834"},{"id":"15988"},{"id":"15831"},{"id":"15832"},{"id":"16078"},{"id":"16077"},{"id":"15780"},{"id":"15781"},{"id":"15782"},{"id":"15783"},{"id":"16384"},{"id":"15869"},{"id":"15868"},{"id":"15867"},{"id":"17532"},{"id":"17533"},{"id":"17490"},{"id":"17506"},{"id":"17515"},{"id":"17516"},{"id":"17517"},{"id":"17518"},{"id":"17519"},{"id":"17727"},{"id":"17728"},{"id":"17543"},{"id":"17625"},{"id":"17626"},{"id":"17469"},{"id":"15980"},{"id":"15981"},{"id":"15982"},{"id":"15983"},{"id":"15984"},{"id":"16270"},{"id":"16271"},{"id":"16272"},{"id":"16273"},{"id":"15957"},{"id":"15958"},{"id":"15959"},{"id":"15963"},{"id":"15855"},{"id":"15900"},{"id":"15893"},{"id":"15894"},{"id":"15806"},{"id":"15917"},{"id":"15923"},{"id":"15924"},{"id":"15842"},{"id":"15651"},{"id":"15826"},{"id":"15830"},{"id":"15764"},{"id":"15763"},{"id":"15765"},{"id":"15801"},{"id":"15835"},{"id":"15836"},{"id":"15829"},{"id":"15791"},{"id":"15882"},{"id":"15885"},{"id":"16539"},{"id":"16051"},{"id":"15968"},{"id":"15816"},{"id":"15859"},{"id":"16081"},{"id":"16082"},{"id":"15807"},{"id":"15969"},{"id":"16050"},{"id":"15970"},{"id":"15821"},{"id":"15843"},{"id":"15824"},{"id":"15906"},{"id":"15744"},{"id":"15798"},{"id":"16042"},{"id":"15815"},{"id":"15797"},{"id":"15742"},{"id":"15743"},{"id":"15814"},{"id":"16046"},{"id":"15799"},{"id":"15790"},{"id":"15812"},{"id":"15719"},{"id":"15883"},{"id":"15755"},{"id":"15777"},{"id":"15695"},{"id":"15694"},{"id":"15896"},{"id":"15787"},{"id":"15813"},{"id":"15756"},{"id":"15822"},{"id":"15689"},{"id":"15688"},{"id":"15779"},{"id":"15773"},{"id":"15754"},{"id":"15702"},{"id":"15708"},{"id":"15776"},{"id":"15724"},{"id":"15789"},{"id":"15800"},{"id":"15760"},{"id":"15725"},{"id":"16004"},{"id":"16003"},{"id":"16002"},{"id":"15945"},{"id":"15966"},{"id":"17143"},{"id":"15967"},{"id":"15873"},{"id":"15675"},{"id":"15676"},{"id":"15686"},{"id":"15875"},{"id":"15876"},{"id":"15712"},{"id":"15757"},{"id":"15728"},{"id":"15727"},{"id":"15877"},{"id":"15683"},{"id":"15682"},{"id":"15674"},{"id":"15726"},{"id":"15714"},{"id":"15865"},{"id":"15878"},{"id":"16035"},{"id":"16034"},{"id":"15711"},{"id":"15660"},{"id":"15670"},{"id":"15703"},{"id":"15646"},{"id":"15645"},{"id":"15750"},{"id":"15668"},{"id":"15664"},{"id":"15647"},{"id":"15710"},{"id":"16417"},{"id":"16416"},{"id":"15669"},{"id":"15766"},{"id":"15699"},{"id":"15818"},{"id":"15697"},{"id":"15698"},{"id":"15897"},{"id":"15978"},{"id":"15671"},{"id":"15666"},{"id":"15667"},{"id":"15643"},{"id":"15693"},{"id":"15690"},{"id":"15700"},{"id":"15701"},{"id":"15713"},{"id":"15804"},{"id":"15691"},{"id":"15803"},{"id":"15696"},{"id":"16538"},{"id":"15692"},{"id":"15767"},{"id":"17483"},{"id":"17536"},{"id":"17537"},{"id":"17538"},{"id":"17502"},{"id":"17503"},{"id":"17449"},{"id":"17682"},{"id":"17696"},{"id":"17684"},{"id":"17685"},{"id":"17695"},{"id":"17460"},{"id":"17623"},{"id":"17683"},{"id":"15973"},{"id":"15974"},{"id":"15975"},{"id":"15976"},{"id":"15977"},{"id":"15655"},{"id":"16005"},{"id":"16006"},{"id":"15638"},{"id":"15723"},{"id":"15704"},{"id":"15705"},{"id":"15706"},{"id":"15732"},{"id":"15644"},{"id":"15642"},{"id":"15687"},{"id":"15648"},{"id":"15758"},{"id":"15722"},{"id":"16061"},{"id":"15635"},{"id":"15665"},{"id":"15636"},{"id":"15637"},{"id":"15619"},{"id":"15624"},{"id":"15625"},{"id":"15613"},{"id":"15715"},{"id":"15618"},{"id":"15617"},{"id":"15616"},{"id":"15615"},{"id":"16083"},{"id":"15606"},{"id":"15684"},{"id":"15608"},{"id":"15607"},{"id":"15707"},{"id":"15609"},{"id":"15610"},{"id":"15612"},{"id":"15716"},{"id":"15717"},{"id":"15601"},{"id":"15603"},{"id":"15602"},{"id":"15915"},{"id":"15916"},{"id":"15397"},{"id":"15614"},{"id":"15640"},{"id":"15592"},{"id":"15591"},{"id":"16096"},{"id":"15718"},{"id":"15627"},{"id":"16207"},{"id":"16208"},{"id":"15828"},{"id":"15895"},{"id":"15628"},{"id":"15630"},{"id":"15673"},{"id":"15672"},{"id":"15511"},{"id":"15510"},{"id":"15581"},{"id":"15886"},{"id":"15586"},{"id":"15577"},{"id":"15578"},{"id":"15590"},{"id":"15585"},{"id":"15593"},{"id":"15567"},{"id":"15568"},{"id":"15500"},{"id":"15570"},{"id":"15583"},{"id":"15560"},{"id":"15584"},{"id":"15487"},{"id":"15559"},{"id":"15486"},{"id":"15561"},{"id":"15485"},{"id":"15582"},{"id":"15569"},{"id":"15889"},{"id":"15599"},{"id":"15597"},{"id":"15596"},{"id":"15595"},{"id":"15598"},{"id":"15600"},{"id":"15494"},{"id":"15496"},{"id":"15495"},{"id":"15498"},{"id":"15497"},{"id":"15502"},{"id":"15517"},{"id":"15513"},{"id":"15457"},{"id":"15746"},{"id":"15488"},{"id":"15489"},{"id":"15649"},{"id":"15745"},{"id":"15641"},{"id":"8446"},{"id":"15424"},{"id":"15427"},{"id":"15462"},{"id":"15453"},{"id":"15456"},{"id":"15482"},{"id":"15483"},{"id":"15455"},{"id":"15566"},{"id":"15565"},{"id":"15444"},{"id":"15445"},{"id":"15443"},{"id":"15434"},{"id":"15858"},{"id":"15857"},{"id":"15856"},{"id":"15426"},{"id":"15425"},{"id":"15400"},{"id":"15401"},{"id":"15367"},{"id":"15368"},{"id":"15373"},{"id":"15419"},{"id":"15420"},{"id":"15430"},{"id":"15391"},{"id":"15353"},{"id":"15442"},{"id":"15354"},{"id":"15762"},{"id":"15449"},{"id":"15412"},{"id":"15414"},{"id":"15415"},{"id":"15416"},{"id":"17514"},{"id":"17505"},{"id":"17504"},{"id":"17500"},{"id":"17459"},{"id":"17458"},{"id":"17679"},{"id":"17680"},{"id":"17681"},{"id":"17524"},{"id":"17534"},{"id":"17535"},{"id":"17457"},{"id":"17509"},{"id":"17456"},{"id":"15417"},{"id":"15418"},{"id":"15406"},{"id":"15407"},{"id":"15408"},{"id":"15409"},{"id":"15410"},{"id":"15411"},{"id":"15441"},{"id":"15509"},{"id":"15753"},{"id":"15749"},{"id":"15677"},{"id":"15678"},{"id":"15679"},{"id":"15452"},{"id":"15680"},{"id":"15681"},{"id":"15752"},{"id":"15499"},{"id":"16079"},{"id":"15751"},{"id":"15405"},{"id":"15404"},{"id":"15399"},{"id":"15398"},{"id":"15396"},{"id":"15395"},{"id":"15403"},{"id":"15402"},{"id":"15450"},{"id":"15588"},{"id":"17049"},{"id":"15564"},{"id":"15562"},{"id":"15337"},{"id":"15454"},{"id":"15579"},{"id":"15580"},{"id":"15484"},{"id":"15429"},{"id":"15365"},{"id":"15421"},{"id":"15422"},{"id":"15363"},{"id":"15364"},{"id":"15431"},{"id":"15432"},{"id":"15393"},{"id":"15358"},{"id":"15360"},{"id":"15361"},{"id":"15362"},{"id":"15428"},{"id":"15392"},{"id":"15383"},{"id":"15382"},{"id":"15380"},{"id":"15381"},{"id":"15341"},{"id":"15348"},{"id":"15342"},{"id":"15330"},{"id":"15327"},{"id":"15332"},{"id":"15343"},{"id":"15347"},{"id":"15349"},{"id":"15328"},{"id":"15329"},{"id":"15370"},{"id":"15369"},{"id":"15344"},{"id":"15336"},{"id":"15335"},{"id":"15345"},{"id":"15346"},{"id":"15331"},{"id":"15446"},{"id":"15357"},{"id":"15448"},{"id":"15326"},{"id":"15322"},{"id":"15652"},{"id":"15447"},{"id":"15339"},{"id":"15355"},{"id":"15356"},{"id":"15325"},{"id":"15338"},{"id":"15352"},{"id":"15319"},{"id":"15321"},{"id":"15318"},{"id":"15307"},{"id":"15315"},{"id":"15478"},{"id":"15480"},{"id":"15481"},{"id":"15479"},{"id":"15297"},{"id":"15299"},{"id":"15258"},{"id":"15260"},{"id":"15303"},{"id":"15302"},{"id":"15371"},{"id":"15301"},{"id":"15304"},{"id":"15451"},{"id":"15305"},{"id":"15334"},{"id":"15311"},{"id":"15275"},{"id":"15271"},{"id":"15289"},{"id":"15288"},{"id":"15295"},{"id":"15268"},{"id":"15294"},{"id":"15281"},{"id":"15280"},{"id":"15246"},{"id":"15650"},{"id":"15276"},{"id":"15222"},{"id":"15306"},{"id":"15290"},{"id":"15291"},{"id":"15633"},{"id":"15634"},{"id":"15249"},{"id":"15256"},{"id":"15257"},{"id":"15208"},{"id":"15209"},{"id":"15207"},{"id":"15270"},{"id":"15384"},{"id":"15243"},{"id":"15385"},{"id":"15388"},{"id":"15244"},{"id":"15233"},{"id":"15386"},{"id":"15387"},{"id":"15439"},{"id":"15438"},{"id":"15437"},{"id":"15435"},{"id":"17455"},{"id":"17571"},{"id":"17570"},{"id":"17431"},{"id":"17432"},{"id":"17583"},{"id":"17584"},{"id":"17558"},{"id":"17663"},{"id":"17662"},{"id":"17443"},{"id":"17557"},{"id":"17435"},{"id":"17541"},{"id":"17444"},{"id":"15214"},{"id":"15199"},{"id":"15215"},{"id":"15204"},{"id":"15284"},{"id":"15286"},{"id":"15216"},{"id":"15217"},{"id":"15436"},{"id":"15240"},{"id":"15287"},{"id":"15245"},{"id":"15211"},{"id":"15212"},{"id":"15213"},{"id":"15205"},{"id":"15206"},{"id":"15221"},{"id":"15201"},{"id":"15232"},{"id":"15241"},{"id":"15639"},{"id":"15272"},{"id":"15631"},{"id":"15632"},{"id":"15237"},{"id":"15238"},{"id":"15187"},{"id":"15182"},{"id":"15181"},{"id":"15180"},{"id":"15179"},{"id":"15194"},{"id":"15195"},{"id":"15178"},{"id":"15177"},{"id":"15176"},{"id":"15175"},{"id":"15174"},{"id":"15163"},{"id":"15183"},{"id":"15193"},{"id":"15188"},{"id":"15192"},{"id":"15186"},{"id":"15191"},{"id":"15248"},{"id":"15184"},{"id":"15190"},{"id":"15189"},{"id":"15203"},{"id":"15185"},{"id":"15151"},{"id":"15146"},{"id":"15165"},{"id":"15283"},{"id":"15142"},{"id":"15141"},{"id":"15158"},{"id":"15157"},{"id":"15153"},{"id":"15140"},{"id":"15138"},{"id":"15137"},{"id":"15143"},{"id":"15558"},{"id":"15121"},{"id":"15173"},{"id":"15772"},{"id":"15770"},{"id":"15771"},{"id":"15794"},{"id":"15375"},{"id":"15170"},{"id":"15376"},{"id":"15377"},{"id":"15374"},{"id":"15379"},{"id":"15378"},{"id":"15120"},{"id":"15148"},{"id":"15292"},{"id":"15133"},{"id":"15134"},{"id":"15156"},{"id":"15155"},{"id":"15255"},{"id":"15252"},{"id":"15254"},{"id":"15253"},{"id":"15147"},{"id":"15154"},{"id":"15096"},{"id":"15095"},{"id":"15105"},{"id":"15278"},{"id":"15102"},{"id":"15279"},{"id":"15224"},{"id":"15223"},{"id":"15160"},{"id":"15159"},{"id":"16124"},{"id":"16123"},{"id":"15108"},{"id":"15106"},{"id":"15150"},{"id":"15130"},{"id":"15129"},{"id":"15351"},{"id":"15085"},{"id":"15075"},{"id":"15110"},{"id":"15109"},{"id":"15501"},{"id":"15092"},{"id":"15076"},{"id":"15043"},{"id":"15064"},{"id":"15065"},{"id":"15042"},{"id":"15041"},{"id":"15066"},{"id":"15062"},{"id":"15061"},{"id":"15063"},{"id":"15055"},{"id":"15056"},{"id":"15225"},{"id":"15662"},{"id":"15097"},{"id":"15060"},{"id":"15059"},{"id":"15098"},{"id":"15262"},{"id":"15058"},{"id":"15037"},{"id":"15034"},{"id":"15038"},{"id":"15001"},{"id":"15000"},{"id":"14999"},{"id":"14997"},{"id":"14986"},{"id":"15046"},{"id":"15045"},{"id":"14978"},{"id":"15054"},{"id":"15128"},{"id":"15089"},{"id":"17461"},{"id":"17636"},{"id":"17463"},{"id":"17462"},{"id":"17494"},{"id":"17495"},{"id":"17478"},{"id":"17479"},{"id":"17501"},{"id":"17452"},{"id":"17542"},{"id":"17586"},{"id":"17492"},{"id":"17493"},{"id":"17589"},{"id":"15166"},{"id":"15167"},{"id":"15101"},{"id":"14965"},{"id":"15230"},{"id":"15231"},{"id":"15099"},{"id":"14970"},{"id":"15277"},{"id":"15033"},{"id":"14955"},{"id":"14980"},{"id":"15071"},{"id":"15070"},{"id":"14977"},{"id":"15126"},{"id":"15127"},{"id":"15236"},{"id":"14982"},{"id":"15117"},{"id":"14943"},{"id":"14942"},{"id":"14946"},{"id":"15093"},{"id":"14937"},{"id":"15460"},{"id":"15458"},{"id":"15459"},{"id":"14905"},{"id":"14906"},{"id":"14907"},{"id":"14915"},{"id":"15202"},{"id":"14914"},{"id":"15473"},{"id":"15474"},{"id":"14910"},{"id":"14912"},{"id":"14913"},{"id":"14911"},{"id":"14928"},{"id":"15461"},{"id":"15032"},{"id":"15312"},{"id":"14994"},{"id":"14957"},{"id":"14989"},{"id":"14990"},{"id":"14991"},{"id":"14992"},{"id":"14993"},{"id":"14976"},{"id":"15124"},{"id":"15123"},{"id":"16581"},{"id":"15122"},{"id":"16580"},{"id":"15116"},{"id":"15125"},{"id":"16577"},{"id":"16578"},{"id":"16576"},{"id":"16579"},{"id":"16582"},{"id":"14945"},{"id":"14944"},{"id":"14953"},{"id":"14940"},{"id":"14941"},{"id":"15031"},{"id":"14904"},{"id":"14969"},{"id":"14903"},{"id":"16063"},{"id":"16062"},{"id":"14899"},{"id":"14900"},{"id":"14916"},{"id":"14985"},{"id":"14886"},{"id":"14960"},{"id":"15890"},{"id":"14918"},{"id":"14961"},{"id":"14884"},{"id":"14888"},{"id":"14962"},{"id":"14917"},{"id":"15030"},{"id":"14883"},{"id":"14881"},{"id":"14880"},{"id":"14934"},{"id":"14933"},{"id":"14932"},{"id":"14936"},{"id":"14935"},{"id":"14952"},{"id":"15029"},{"id":"14901"},{"id":"14890"},{"id":"14891"},{"id":"14902"},{"id":"14929"},{"id":"14931"},{"id":"14889"},{"id":"14930"},{"id":"14852"},{"id":"15135"},{"id":"14850"},{"id":"14851"},{"id":"14853"},{"id":"14875"},{"id":"14868"},{"id":"14867"},{"id":"14819"},{"id":"14817"},{"id":"14818"},{"id":"14835"},{"id":"14834"},{"id":"14829"},{"id":"14828"},{"id":"14815"},{"id":"14816"},{"id":"14814"},{"id":"14823"},{"id":"14836"},{"id":"14837"},{"id":"15028"},{"id":"15654"},{"id":"15653"},{"id":"14848"},{"id":"14822"},{"id":"14820"},{"id":"14849"},{"id":"14813"},{"id":"14812"},{"id":"14811"},{"id":"14810"},{"id":"14809"},{"id":"14808"},{"id":"14807"},{"id":"14806"},{"id":"14839"},{"id":"14847"},{"id":"14870"},{"id":"14869"},{"id":"14838"},{"id":"14832"},{"id":"14833"},{"id":"17590"},{"id":"17451"},{"id":"17587"},{"id":"17520"},{"id":"17465"},{"id":"17466"},{"id":"17521"},{"id":"17448"},{"id":"17409"},{"id":"17420"},{"id":"17529"},{"id":"17528"},{"id":"17644"},{"id":"17643"},{"id":"17390"},{"id":"14831"},{"id":"14830"},{"id":"14781"},{"id":"14784"},{"id":"14785"},{"id":"14780"},{"id":"14782"},{"id":"14783"},{"id":"14800"},{"id":"15196"},{"id":"15817"},{"id":"14774"},{"id":"14925"},{"id":"14927"},{"id":"14757"},{"id":"14855"},{"id":"14756"},{"id":"14776"},{"id":"14775"},{"id":"14924"},{"id":"14926"},{"id":"14979"},{"id":"14854"},{"id":"14825"},{"id":"14777"},{"id":"14798"},{"id":"15259"},{"id":"15169"},{"id":"14760"},{"id":"14793"},{"id":"14779"},{"id":"14824"},{"id":"14761"},{"id":"14695"},{"id":"14759"},{"id":"15162"},{"id":"14897"},{"id":"14894"},{"id":"14895"},{"id":"14896"},{"id":"14893"},{"id":"14682"},{"id":"14683"},{"id":"14681"},{"id":"14690"},{"id":"14741"},{"id":"14742"},{"id":"14740"},{"id":"15083"},{"id":"15084"},{"id":"15082"},{"id":"14720"},{"id":"14719"},{"id":"14705"},{"id":"14703"},{"id":"14704"},{"id":"14667"},{"id":"14675"},{"id":"14677"},{"id":"14674"},{"id":"14678"},{"id":"14701"},{"id":"14698"},{"id":"15080"},{"id":"15081"},{"id":"14664"},{"id":"14963"},{"id":"14964"},{"id":"15078"},{"id":"16033"},{"id":"14729"},{"id":"14696"},{"id":"14827"},{"id":"14733"},{"id":"14735"},{"id":"14670"},{"id":"14734"},{"id":"14802"},{"id":"14754"},{"id":"14753"},{"id":"14686"},{"id":"14685"},{"id":"14669"},{"id":"14668"},{"id":"14666"},{"id":"14671"},{"id":"14727"},{"id":"14706"},{"id":"14707"},{"id":"14661"},{"id":"14728"},{"id":"15027"},{"id":"14736"},{"id":"15350"},{"id":"14680"},{"id":"14749"},{"id":"14647"},{"id":"15490"},{"id":"14648"},{"id":"15491"},{"id":"14637"},{"id":"14697"},{"id":"15492"},{"id":"14663"},{"id":"14662"},{"id":"14657"},{"id":"14871"},{"id":"15025"},{"id":"14607"},{"id":"14731"},{"id":"14630"},{"id":"14689"},{"id":"15073"},{"id":"15074"},{"id":"14600"},{"id":"14599"},{"id":"14631"},{"id":"14730"},{"id":"14654"},{"id":"14655"},{"id":"14606"},{"id":"14622"},{"id":"15026"},{"id":"14643"},{"id":"14644"},{"id":"14656"},{"id":"14591"},{"id":"14714"},{"id":"14589"},{"id":"14615"},{"id":"14632"},{"id":"14601"},{"id":"14586"},{"id":"14787"},{"id":"14788"},{"id":"14627"},{"id":"14651"},{"id":"14652"},{"id":"14789"},{"id":"14790"},{"id":"14803"},{"id":"14799"},{"id":"14617"},{"id":"14726"},{"id":"14713"},{"id":"14616"},{"id":"14712"},{"id":"14939"},{"id":"14898"},{"id":"15145"},{"id":"17389"},{"id":"17642"},{"id":"17383"},{"id":"17408"},{"id":"17419"},{"id":"17418"},{"id":"17442"},{"id":"17371"},{"id":"17441"},{"id":"17706"},{"id":"17540"},{"id":"17531"},{"id":"17413"},{"id":"17564"},{"id":"17563"},{"id":"14618"},{"id":"15023"},{"id":"14737"},{"id":"14738"},{"id":"14611"},{"id":"14612"},{"id":"14613"},{"id":"14739"},{"id":"15024"},{"id":"14608"},{"id":"14609"},{"id":"14621"},{"id":"14610"},{"id":"14699"},{"id":"14861"},{"id":"14862"},{"id":"14863"},{"id":"14864"},{"id":"14758"},{"id":"14619"},{"id":"14620"},{"id":"14625"},{"id":"14558"},{"id":"14555"},{"id":"14556"},{"id":"14660"},{"id":"14557"},{"id":"14858"},{"id":"14554"},{"id":"14623"},{"id":"14626"},{"id":"14567"},{"id":"14580"},{"id":"14579"},{"id":"14624"},{"id":"14968"},{"id":"14552"},{"id":"14551"},{"id":"14967"},{"id":"14566"},{"id":"14553"},{"id":"14578"},{"id":"14576"},{"id":"14575"},{"id":"14536"},{"id":"14541"},{"id":"14540"},{"id":"14543"},{"id":"14564"},{"id":"14565"},{"id":"14539"},{"id":"14563"},{"id":"14562"},{"id":"14561"},{"id":"14522"},{"id":"14538"},{"id":"14537"},{"id":"14523"},{"id":"14542"},{"id":"14750"},{"id":"14550"},{"id":"14583"},{"id":"14477"},{"id":"14767"},{"id":"14766"},{"id":"14534"},{"id":"14533"},{"id":"14481"},{"id":"14475"},{"id":"14482"},{"id":"14493"},{"id":"14764"},{"id":"14509"},{"id":"14865"},{"id":"14458"},{"id":"14519"},{"id":"14478"},{"id":"14505"},{"id":"14495"},{"id":"14983"},{"id":"14984"},{"id":"14765"},{"id":"14479"},{"id":"15022"},{"id":"14500"},{"id":"14468"},{"id":"14494"},{"id":"14517"},{"id":"14496"},{"id":"14570"},{"id":"14504"},{"id":"14503"},{"id":"14474"},{"id":"14514"},{"id":"14688"},{"id":"14528"},{"id":"14527"},{"id":"14526"},{"id":"14480"},{"id":"14518"},{"id":"14476"},{"id":"14508"},{"id":"14473"},{"id":"14498"},{"id":"14501"},{"id":"14497"},{"id":"14515"},{"id":"14483"},{"id":"14531"},{"id":"14532"},{"id":"14513"},{"id":"14596"},{"id":"14595"},{"id":"14597"},{"id":"14598"},{"id":"14459"},{"id":"14443"},{"id":"15911"},{"id":"14445"},{"id":"14457"},{"id":"14948"},{"id":"14949"},{"id":"14506"},{"id":"14572"},{"id":"14568"},{"id":"14569"},{"id":"14484"},{"id":"14436"},{"id":"14442"},{"id":"14454"},{"id":"14408"},{"id":"14416"},{"id":"14417"},{"id":"14420"},{"id":"14406"},{"id":"14424"},{"id":"14426"},{"id":"14421"},{"id":"14422"},{"id":"14423"},{"id":"14425"},{"id":"14430"},{"id":"14450"},{"id":"14444"},{"id":"14441"},{"id":"14388"},{"id":"14768"},{"id":"14394"},{"id":"14393"},{"id":"14769"},{"id":"17562"},{"id":"17560"},{"id":"17410"},{"id":"17530"},{"id":"17447"},{"id":"17414"},{"id":"17415"},{"id":"17416"},{"id":"17417"},{"id":"17491"},{"id":"17378"},{"id":"17379"},{"id":"17395"},{"id":"17394"},{"id":"17393"},{"id":"14516"},{"id":"14398"},{"id":"14429"},{"id":"14428"},{"id":"14412"},{"id":"14510"},{"id":"14414"},{"id":"14413"},{"id":"15020"},{"id":"14362"},{"id":"14361"},{"id":"14384"},{"id":"14449"},{"id":"14372"},{"id":"14379"},{"id":"14373"},{"id":"14374"},{"id":"14402"},{"id":"14377"},{"id":"14418"},{"id":"14365"},{"id":"15021"},{"id":"14369"},{"id":"14368"},{"id":"14367"},{"id":"14370"},{"id":"14376"},{"id":"14371"},{"id":"14385"},{"id":"14320"},{"id":"14338"},{"id":"14337"},{"id":"14335"},{"id":"14336"},{"id":"14339"},{"id":"14340"},{"id":"14535"},{"id":"14382"},{"id":"14381"},{"id":"14380"},{"id":"14334"},{"id":"14341"},{"id":"14333"},{"id":"14313"},{"id":"14310"},{"id":"14314"},{"id":"14331"},{"id":"14386"},{"id":"14317"},{"id":"14342"},{"id":"14446"},{"id":"14471"},{"id":"14469"},{"id":"14343"},{"id":"14470"},{"id":"14318"},{"id":"14315"},{"id":"14472"},{"id":"14296"},{"id":"14295"},{"id":"14291"},{"id":"14271"},{"id":"14269"},{"id":"14268"},{"id":"14267"},{"id":"14272"},{"id":"14330"},{"id":"14270"},{"id":"14323"},{"id":"14322"},{"id":"14278"},{"id":"14364"},{"id":"14294"},{"id":"14279"},{"id":"14257"},{"id":"14256"},{"id":"14255"},{"id":"14254"},{"id":"15372"},{"id":"14387"},{"id":"14285"},{"id":"14321"},{"id":"14284"},{"id":"14264"},{"id":"14224"},{"id":"14247"},{"id":"14248"},{"id":"14225"},{"id":"17697"},{"id":"16125"},{"id":"14409"},{"id":"14250"},{"id":"14455"},{"id":"15018"},{"id":"14212"},{"id":"14290"},{"id":"14198"},{"id":"14202"},{"id":"14437"},{"id":"14438"},{"id":"14440"},{"id":"14249"},{"id":"14467"},{"id":"14466"},{"id":"14219"},{"id":"14220"},{"id":"14214"},{"id":"14213"},{"id":"15874"},{"id":"14194"},{"id":"14195"},{"id":"14196"},{"id":"14197"},{"id":"14230"},{"id":"14229"},{"id":"14232"},{"id":"14215"},{"id":"14242"},{"id":"14415"},{"id":"14312"},{"id":"14199"},{"id":"14200"},{"id":"14201"},{"id":"14205"},{"id":"14206"},{"id":"14193"},{"id":"15748"},{"id":"14192"},{"id":"14263"},{"id":"14262"},{"id":"14261"},{"id":"14191"},{"id":"14281"},{"id":"14189"},{"id":"14319"},{"id":"14282"},{"id":"14353"},{"id":"14354"},{"id":"14355"},{"id":"14187"},{"id":"14190"},{"id":"14311"},{"id":"14260"},{"id":"14410"},{"id":"14186"},{"id":"14411"},{"id":"14253"},{"id":"14154"},{"id":"14183"},{"id":"14211"},{"id":"17391"},{"id":"17386"},{"id":"17510"},{"id":"17370"},{"id":"17611"},{"id":"17440"},{"id":"17439"},{"id":"17438"},{"id":"17437"},{"id":"17436"},{"id":"17434"},{"id":"17433"},{"id":"17430"},{"id":"17427"},{"id":"17426"},{"id":"14182"},{"id":"14162"},{"id":"14155"},{"id":"14427"},{"id":"14210"},{"id":"14209"},{"id":"14208"},{"id":"14135"},{"id":"14122"},{"id":"14119"},{"id":"14153"},{"id":"14158"},{"id":"14159"},{"id":"14152"},{"id":"14160"},{"id":"14346"},{"id":"14127"},{"id":"14300"},{"id":"14141"},{"id":"14435"},{"id":"14142"},{"id":"14161"},{"id":"14151"},{"id":"14150"},{"id":"14434"},{"id":"14134"},{"id":"14118"},{"id":"14433"},{"id":"14347"},{"id":"14120"},{"id":"14117"},{"id":"14222"},{"id":"14097"},{"id":"14098"},{"id":"14099"},{"id":"14080"},{"id":"14081"},{"id":"14059"},{"id":"14114"},{"id":"14115"},{"id":"14116"},{"id":"14100"},{"id":"14157"},{"id":"14156"},{"id":"12978"},{"id":"14078"},{"id":"14079"},{"id":"14091"},{"id":"14092"},{"id":"14075"},{"id":"14074"},{"id":"14093"},{"id":"14096"},{"id":"14046"},{"id":"14048"},{"id":"14049"},{"id":"14050"},{"id":"14051"},{"id":"14057"},{"id":"14148"},{"id":"14058"},{"id":"14056"},{"id":"14231"},{"id":"14168"},{"id":"14090"},{"id":"14089"},{"id":"14166"},{"id":"14113"},{"id":"14169"},{"id":"14165"},{"id":"14167"},{"id":"14164"},{"id":"13964"},{"id":"13963"},{"id":"14041"},{"id":"14040"},{"id":"14431"},{"id":"14326"},{"id":"14327"},{"id":"13975"},{"id":"14025"},{"id":"14044"},{"id":"14038"},{"id":"14039"},{"id":"14175"},{"id":"13981"},{"id":"13988"},{"id":"13977"},{"id":"13978"},{"id":"13979"},{"id":"14005"},{"id":"14006"},{"id":"14007"},{"id":"14003"},{"id":"14004"},{"id":"14024"},{"id":"14131"},{"id":"13994"},{"id":"13997"},{"id":"14000"},{"id":"14001"},{"id":"13993"},{"id":"14045"},{"id":"14174"},{"id":"14019"},{"id":"14023"},{"id":"14088"},{"id":"14176"},{"id":"13976"},{"id":"14106"},{"id":"14228"},{"id":"13998"},{"id":"13996"},{"id":"13926"},{"id":"14011"},{"id":"14010"},{"id":"14009"},{"id":"14008"},{"id":"13989"},{"id":"14101"},{"id":"17245"},{"id":"14047"},{"id":"14042"},{"id":"15016"},{"id":"14227"},{"id":"14055"},{"id":"13957"},{"id":"15015"},{"id":"13973"},{"id":"13954"},{"id":"13959"},{"id":"13958"},{"id":"13953"},{"id":"13935"},{"id":"13936"},{"id":"13946"},{"id":"13905"},{"id":"13919"},{"id":"13920"},{"id":"13932"},{"id":"13933"},{"id":"13934"},{"id":"13942"},{"id":"13943"},{"id":"13944"},{"id":"13945"},{"id":"14238"},{"id":"14236"},{"id":"14237"},{"id":"14239"},{"id":"17745"},{"id":"17712"},{"id":"17744"},{"id":"17747"},{"id":"17752"},{"id":"17746"},{"id":"17708"},{"id":"17709"},{"id":"17724"},{"id":"17652"},{"id":"17674"},{"id":"17672"},{"id":"17653"},{"id":"17673"},{"id":"17656"},{"id":"17424"},{"id":"17422"},{"id":"17368"},{"id":"17552"},{"id":"17513"},{"id":"17512"},{"id":"17585"},{"id":"17511"},{"id":"16993"},{"id":"17056"},{"id":"17283"},{"id":"17284"},{"id":"17281"},{"id":"17365"},{"id":"17291"},{"id":"14240"},{"id":"14241"},{"id":"14349"},{"id":"13898"},{"id":"13889"},{"id":"13912"},{"id":"13897"},{"id":"13896"},{"id":"13891"},{"id":"13890"},{"id":"13887"},{"id":"15892"},{"id":"13941"},{"id":"13870"},{"id":"13869"},{"id":"13875"},{"id":"13940"},{"id":"13872"},{"id":"13955"},{"id":"13874"},{"id":"13873"},{"id":"13923"},{"id":"13922"},{"id":"13911"},{"id":"13910"},{"id":"14277"},{"id":"14275"},{"id":"13925"},{"id":"14274"},{"id":"14276"},{"id":"13867"},{"id":"13868"},{"id":"13866"},{"id":"14107"},{"id":"14082"},{"id":"14068"},{"id":"13871"},{"id":"14085"},{"id":"14102"},{"id":"14087"},{"id":"13876"},{"id":"14067"},{"id":"13865"},{"id":"14069"},{"id":"14086"},{"id":"13847"},{"id":"14028"},{"id":"13853"},{"id":"13857"},{"id":"13894"},{"id":"13855"},{"id":"13902"},{"id":"13901"},{"id":"13854"},{"id":"13861"},{"id":"13863"},{"id":"14171"},{"id":"14146"},{"id":"14172"},{"id":"13832"},{"id":"13833"},{"id":"13830"},{"id":"13852"},{"id":"13843"},{"id":"13842"},{"id":"13829"},{"id":"13817"},{"id":"13816"},{"id":"13971"},{"id":"13827"},{"id":"13969"},{"id":"13972"},{"id":"13818"},{"id":"13967"},{"id":"13968"},{"id":"13970"},{"id":"13815"},{"id":"13814"},{"id":"13836"},{"id":"13835"},{"id":"13834"},{"id":"15014"},{"id":"13844"},{"id":"13839"},{"id":"13851"},{"id":"13845"},{"id":"13828"},{"id":"13826"},{"id":"13917"},{"id":"13916"},{"id":"13838"},{"id":"13831"},{"id":"13825"},{"id":"13824"},{"id":"13850"},{"id":"13849"},{"id":"14145"},{"id":"13812"},{"id":"13813"},{"id":"13793"},{"id":"13995"},{"id":"13808"},{"id":"13785"},{"id":"13791"},{"id":"13784"},{"id":"13800"},{"id":"13823"},{"id":"13820"},{"id":"13783"},{"id":"13799"},{"id":"13753"},{"id":"13770"},{"id":"13769"},{"id":"13768"},{"id":"13748"},{"id":"13749"},{"id":"13739"},{"id":"13741"},{"id":"13737"},{"id":"13723"},{"id":"15012"},{"id":"13822"},{"id":"13821"},{"id":"13736"},{"id":"13928"},{"id":"13720"},{"id":"16706"},{"id":"13706"},{"id":"13927"},{"id":"13724"},{"id":"14062"},{"id":"13929"},{"id":"13930"},{"id":"13745"},{"id":"13695"},{"id":"13689"},{"id":"13809"},{"id":"13711"},{"id":"13730"},{"id":"13731"},{"id":"13708"},{"id":"13726"},{"id":"13727"},{"id":"13728"},{"id":"13716"},{"id":"13717"},{"id":"13725"},{"id":"13778"},{"id":"13779"},{"id":"13777"},{"id":"17364"},{"id":"17648"},{"id":"17367"},{"id":"17385"},{"id":"17369"},{"id":"17366"},{"id":"17324"},{"id":"17526"},{"id":"17525"},{"id":"17325"},{"id":"17396"},{"id":"17568"},{"id":"17384"},{"id":"17707"},{"id":"17400"},{"id":"13751"},{"id":"13763"},{"id":"14061"},{"id":"13775"},{"id":"13750"},{"id":"13644"},{"id":"13647"},{"id":"13621"},{"id":"13622"},{"id":"13630"},{"id":"13631"},{"id":"13676"},{"id":"13762"},{"id":"13654"},{"id":"13655"},{"id":"13656"},{"id":"13618"},{"id":"13619"},{"id":"13620"},{"id":"13710"},{"id":"14043"},{"id":"13632"},{"id":"13653"},{"id":"13765"},{"id":"13761"},{"id":"13633"},{"id":"13773"},{"id":"13652"},{"id":"13947"},{"id":"13643"},{"id":"13642"},{"id":"13675"},{"id":"13646"},{"id":"13694"},{"id":"13772"},{"id":"13790"},{"id":"13719"},{"id":"13667"},{"id":"13666"},{"id":"13718"},{"id":"13668"},{"id":"13789"},{"id":"13735"},{"id":"15891"},{"id":"13806"},{"id":"13807"},{"id":"13669"},{"id":"13615"},{"id":"13609"},{"id":"13743"},{"id":"13602"},{"id":"13616"},{"id":"13617"},{"id":"13567"},{"id":"13651"},{"id":"13586"},{"id":"13591"},{"id":"13601"},{"id":"13733"},{"id":"13732"},{"id":"13707"},{"id":"13629"},{"id":"13683"},{"id":"13734"},{"id":"13558"},{"id":"13589"},{"id":"13578"},{"id":"13577"},{"id":"13599"},{"id":"13598"},{"id":"13568"},{"id":"13613"},{"id":"13608"},{"id":"13614"},{"id":"13579"},{"id":"13557"},{"id":"13803"},{"id":"13804"},{"id":"13547"},{"id":"13788"},{"id":"13776"},{"id":"13551"},{"id":"13549"},{"id":"13757"},{"id":"13548"},{"id":"13553"},{"id":"13552"},{"id":"13522"},{"id":"13533"},{"id":"13805"},{"id":"13596"},{"id":"13576"},{"id":"13583"},{"id":"13606"},{"id":"13554"},{"id":"13555"},{"id":"13612"},{"id":"13543"},{"id":"13532"},{"id":"13595"},{"id":"13584"},{"id":"13605"},{"id":"13607"},{"id":"13524"},{"id":"13545"},{"id":"13544"},{"id":"13523"},{"id":"13488"},{"id":"13486"},{"id":"13564"},{"id":"13487"},{"id":"13512"},{"id":"13565"},{"id":"13500"},{"id":"13498"},{"id":"13499"},{"id":"13519"},{"id":"13841"},{"id":"13840"},{"id":"16289"},{"id":"13637"},{"id":"13638"},{"id":"13682"},{"id":"13626"},{"id":"13625"},{"id":"13518"},{"id":"13497"},{"id":"13496"},{"id":"13678"},{"id":"13517"},{"id":"13679"},{"id":"13509"},{"id":"13571"},{"id":"13485"},{"id":"15736"},{"id":"13511"},{"id":"13516"},{"id":"13515"},{"id":"13514"},{"id":"13510"},{"id":"13479"},{"id":"13480"},{"id":"13636"},{"id":"13437"},{"id":"13635"},{"id":"13611"},{"id":"13484"},{"id":"13483"},{"id":"13481"},{"id":"13526"},{"id":"17508"},{"id":"17334"},{"id":"17335"},{"id":"17336"},{"id":"17337"},{"id":"17338"},{"id":"17339"},{"id":"17346"},{"id":"17347"},{"id":"17348"},{"id":"17349"},{"id":"17350"},{"id":"17351"},{"id":"17352"},{"id":"17353"},{"id":"13546"},{"id":"13495"},{"id":"13494"},{"id":"13493"},{"id":"13536"},{"id":"13535"},{"id":"13556"},{"id":"13755"},{"id":"13478"},{"id":"13819"},{"id":"13657"},{"id":"15709"},{"id":"13434"},{"id":"13624"},{"id":"13470"},{"id":"13466"},{"id":"13462"},{"id":"13441"},{"id":"13442"},{"id":"13444"},{"id":"13445"},{"id":"13447"},{"id":"13449"},{"id":"13450"},{"id":"13451"},{"id":"13452"},{"id":"13453"},{"id":"13962"},{"id":"13456"},{"id":"13457"},{"id":"13461"},{"id":"13416"},{"id":"13415"},{"id":"13431"},{"id":"13433"},{"id":"13432"},{"id":"13837"},{"id":"13414"},{"id":"13389"},{"id":"13380"},{"id":"13505"},{"id":"13379"},{"id":"13506"},{"id":"13604"},{"id":"13370"},{"id":"13345"},{"id":"13346"},{"id":"13349"},{"id":"13350"},{"id":"13351"},{"id":"13337"},{"id":"13700"},{"id":"13344"},{"id":"13704"},{"id":"13343"},{"id":"13338"},{"id":"13330"},{"id":"13563"},{"id":"13699"},{"id":"13569"},{"id":"13504"},{"id":"13284"},{"id":"13771"},{"id":"13413"},{"id":"13603"},{"id":"13329"},{"id":"13592"},{"id":"13593"},{"id":"13341"},{"id":"13342"},{"id":"14289"},{"id":"13303"},{"id":"13304"},{"id":"13305"},{"id":"13306"},{"id":"13307"},{"id":"13348"},{"id":"13267"},{"id":"13274"},{"id":"13426"},{"id":"13677"},{"id":"13285"},{"id":"13286"},{"id":"13287"},{"id":"13288"},{"id":"13289"},{"id":"13290"},{"id":"13299"},{"id":"13302"},{"id":"13280"},{"id":"13298"},{"id":"13282"},{"id":"13314"},{"id":"13312"},{"id":"13311"},{"id":"13313"},{"id":"13401"},{"id":"13236"},{"id":"13237"},{"id":"13238"},{"id":"13272"},{"id":"13273"},{"id":"13296"},{"id":"13297"},{"id":"13281"},{"id":"13301"},{"id":"13279"},{"id":"13412"},{"id":"13320"},{"id":"13376"},{"id":"13377"},{"id":"13327"},{"id":"13411"},{"id":"13363"},{"id":"13378"},{"id":"13394"},{"id":"13395"},{"id":"13317"},{"id":"13364"},{"id":"13396"},{"id":"13245"},{"id":"13246"},{"id":"13247"},{"id":"13248"},{"id":"13251"},{"id":"13252"},{"id":"13233"},{"id":"13234"},{"id":"13235"},{"id":"13239"},{"id":"13425"},{"id":"13385"},{"id":"13386"},{"id":"13387"},{"id":"13388"},{"id":"13227"},{"id":"13228"},{"id":"13229"},{"id":"13232"},{"id":"13292"},{"id":"13294"},{"id":"13295"},{"id":"13300"},{"id":"13221"},{"id":"13222"},{"id":"13226"},{"id":"13225"},{"id":"13224"},{"id":"13242"},{"id":"13208"},{"id":"17354"},{"id":"17355"},{"id":"17356"},{"id":"17357"},{"id":"17358"},{"id":"17454"},{"id":"17523"},{"id":"17295"},{"id":"17299"},{"id":"17306"},{"id":"17307"},{"id":"17308"},{"id":"17309"},{"id":"17310"},{"id":"17311"},{"id":"13219"},{"id":"13203"},{"id":"13180"},{"id":"13181"},{"id":"13184"},{"id":"13185"},{"id":"13186"},{"id":"13187"},{"id":"13188"},{"id":"13215"},{"id":"13216"},{"id":"13217"},{"id":"13202"},{"id":"13361"},{"id":"13374"},{"id":"13373"},{"id":"13360"},{"id":"13362"},{"id":"13325"},{"id":"13318"},{"id":"13319"},{"id":"13214"},{"id":"13162"},{"id":"13156"},{"id":"13191"},{"id":"13213"},{"id":"13356"},{"id":"13407"},{"id":"13406"},{"id":"13405"},{"id":"13243"},{"id":"13212"},{"id":"13211"},{"id":"13210"},{"id":"13384"},{"id":"13383"},{"id":"13420"},{"id":"13357"},{"id":"13372"},{"id":"13391"},{"id":"13392"},{"id":"13393"},{"id":"13152"},{"id":"13153"},{"id":"13197"},{"id":"13244"},{"id":"13419"},{"id":"13198"},{"id":"13199"},{"id":"13178"},{"id":"13179"},{"id":"13358"},{"id":"13359"},{"id":"13231"},{"id":"13146"},{"id":"13101"},{"id":"13144"},{"id":"13106"},{"id":"13129"},{"id":"13145"},{"id":"13223"},{"id":"13170"},{"id":"13115"},{"id":"13114"},{"id":"13143"},{"id":"13032"},{"id":"13020"},{"id":"13291"},{"id":"13276"},{"id":"13150"},{"id":"15864"},{"id":"13076"},{"id":"13071"},{"id":"13070"},{"id":"13069"},{"id":"13014"},{"id":"13089"},{"id":"13088"},{"id":"13036"},{"id":"13107"},{"id":"13030"},{"id":"13031"},{"id":"13196"},{"id":"13168"},{"id":"13169"},{"id":"13023"},{"id":"13174"},{"id":"13175"},{"id":"13037"},{"id":"13038"},{"id":"13046"},{"id":"13013"},{"id":"13149"},{"id":"13012"},{"id":"13083"},{"id":"13027"},{"id":"13105"},{"id":"13034"},{"id":"13035"},{"id":"12934"},{"id":"13033"},{"id":"12993"},{"id":"12955"},{"id":"12956"},{"id":"13000"},{"id":"12971"},{"id":"13026"},{"id":"13048"},{"id":"13057"},{"id":"12977"},{"id":"12951"},{"id":"12976"},{"id":"12975"},{"id":"12972"},{"id":"13001"},{"id":"12952"},{"id":"12995"},{"id":"12953"},{"id":"12954"},{"id":"12999"},{"id":"13025"},{"id":"12969"},{"id":"12948"},{"id":"12970"},{"id":"12968"},{"id":"12946"},{"id":"12947"},{"id":"12945"},{"id":"12892"},{"id":"12888"},{"id":"12909"},{"id":"12925"},{"id":"12917"},{"id":"12908"},{"id":"12966"},{"id":"12926"},{"id":"12965"},{"id":"13104"},{"id":"13103"},{"id":"12900"},{"id":"12899"},{"id":"13060"},{"id":"12881"},{"id":"13097"},{"id":"12944"},{"id":"13098"},{"id":"12850"},{"id":"12905"},{"id":"12906"},{"id":"12897"},{"id":"17312"},{"id":"17313"},{"id":"17304"},{"id":"17397"},{"id":"17398"},{"id":"17399"},{"id":"17278"},{"id":"17298"},{"id":"17303"},{"id":"17302"},{"id":"17285"},{"id":"17323"},{"id":"17286"},{"id":"17294"},{"id":"17293"},{"id":"13190"},{"id":"12871"},{"id":"12851"},{"id":"12859"},{"id":"12870"},{"id":"13189"},{"id":"12904"},{"id":"12875"},{"id":"12829"},{"id":"12852"},{"id":"12841"},{"id":"12817"},{"id":"12874"},{"id":"12864"},{"id":"12833"},{"id":"12964"},{"id":"12979"},{"id":"12784"},{"id":"12783"},{"id":"12782"},{"id":"12824"},{"id":"12932"},{"id":"12822"},{"id":"12777"},{"id":"12778"},{"id":"12763"},{"id":"12747"},{"id":"12726"},{"id":"12727"},{"id":"12876"},{"id":"12903"},{"id":"12902"},{"id":"12901"},{"id":"12776"},{"id":"12779"},{"id":"12758"},{"id":"13172"},{"id":"12877"},{"id":"13171"},{"id":"12728"},{"id":"12759"},{"id":"12760"},{"id":"12761"},{"id":"12762"},{"id":"12910"},{"id":"12911"},{"id":"12912"},{"id":"12919"},{"id":"12693"},{"id":"12704"},{"id":"12710"},{"id":"12882"},{"id":"12706"},{"id":"12705"},{"id":"12811"},{"id":"12920"},{"id":"12915"},{"id":"12792"},{"id":"12793"},{"id":"12794"},{"id":"12795"},{"id":"12796"},{"id":"12801"},{"id":"12802"},{"id":"12803"},{"id":"12804"},{"id":"12805"},{"id":"12806"},{"id":"12807"},{"id":"12808"},{"id":"12809"},{"id":"12687"},{"id":"12688"},{"id":"12703"},{"id":"12707"},{"id":"12708"},{"id":"13065"},{"id":"12702"},{"id":"12685"},{"id":"12686"},{"id":"12797"},{"id":"12697"},{"id":"12698"},{"id":"12789"},{"id":"12790"},{"id":"12791"},{"id":"13066"},{"id":"12684"},{"id":"12746"},{"id":"12745"},{"id":"12678"},{"id":"12681"},{"id":"12682"},{"id":"12683"},{"id":"12983"},{"id":"12984"},{"id":"12626"},{"id":"12786"},{"id":"12787"},{"id":"12985"},{"id":"12800"},{"id":"12788"},{"id":"12621"},{"id":"12650"},{"id":"12677"},{"id":"12662"},{"id":"12609"},{"id":"12610"},{"id":"12832"},{"id":"12642"},{"id":"12820"},{"id":"12831"},{"id":"12830"},{"id":"12639"},{"id":"12640"},{"id":"12818"},{"id":"12819"},{"id":"12641"},{"id":"13339"},{"id":"12596"},{"id":"12594"},{"id":"12584"},{"id":"12603"},{"id":"12597"},{"id":"12615"},{"id":"12598"},{"id":"12579"},{"id":"12620"},{"id":"12602"},{"id":"12616"},{"id":"13502"},{"id":"16404"},{"id":"16405"},{"id":"16406"},{"id":"12739"},{"id":"12738"},{"id":"12737"},{"id":"12736"},{"id":"12743"},{"id":"12742"},{"id":"12741"},{"id":"12740"},{"id":"12936"},{"id":"12612"},{"id":"12611"},{"id":"16343"},{"id":"16342"},{"id":"12532"},{"id":"12957"},{"id":"13102"},{"id":"17292"},{"id":"17372"},{"id":"17288"},{"id":"17363"},{"id":"17287"},{"id":"17429"},{"id":"17296"},{"id":"17264"},{"id":"17280"},{"id":"17262"},{"id":"17261"},{"id":"17290"},{"id":"17289"},{"id":"17263"},{"id":"17279"},{"id":"12960"},{"id":"12557"},{"id":"12937"},{"id":"16344"},{"id":"12576"},{"id":"12674"},{"id":"12545"},{"id":"12554"},{"id":"12544"},{"id":"12958"},{"id":"12959"},{"id":"12522"},{"id":"12531"},{"id":"12530"},{"id":"13404"},{"id":"13402"},{"id":"12513"},{"id":"12514"},{"id":"12512"},{"id":"12511"},{"id":"12516"},{"id":"12515"},{"id":"12529"},{"id":"12475"},{"id":"12476"},{"id":"12496"},{"id":"15009"},{"id":"12508"},{"id":"12521"},{"id":"12491"},{"id":"12497"},{"id":"12486"},{"id":"12571"},{"id":"12501"},{"id":"12667"},{"id":"12668"},{"id":"12482"},{"id":"12485"},{"id":"12505"},{"id":"12443"},{"id":"13024"},{"id":"12550"},{"id":"12469"},{"id":"12468"},{"id":"12467"},{"id":"12524"},{"id":"12537"},{"id":"12456"},{"id":"12454"},{"id":"12451"},{"id":"12455"},{"id":"12442"},{"id":"12441"},{"id":"12435"},{"id":"12472"},{"id":"12426"},{"id":"12458"},{"id":"12449"},{"id":"12421"},{"id":"12448"},{"id":"12438"},{"id":"12423"},{"id":"12424"},{"id":"12396"},{"id":"12422"},{"id":"12420"},{"id":"12462"},{"id":"12535"},{"id":"12433"},{"id":"12440"},{"id":"12478"},{"id":"12397"},{"id":"12479"},{"id":"12480"},{"id":"12398"},{"id":"12489"},{"id":"12134"},{"id":"12062"},{"id":"12384"},{"id":"12383"},{"id":"12382"},{"id":"12386"},{"id":"12381"},{"id":"12394"},{"id":"12373"},{"id":"12374"},{"id":"12375"},{"id":"12385"},{"id":"13041"},{"id":"12371"},{"id":"12360"},{"id":"12372"},{"id":"12392"},{"id":"12358"},{"id":"12378"},{"id":"12379"},{"id":"12359"},{"id":"12370"},{"id":"12363"},{"id":"12367"},{"id":"12324"},{"id":"12326"},{"id":"12327"},{"id":"12294"},{"id":"12292"},{"id":"12293"},{"id":"12680"},{"id":"12289"},{"id":"12291"},{"id":"12355"},{"id":"12322"},{"id":"12277"},{"id":"12377"},{"id":"12387"},{"id":"12408"},{"id":"12337"},{"id":"12231"},{"id":"12274"},{"id":"12285"},{"id":"17527"},{"id":"12283"},{"id":"12242"},{"id":"12240"},{"id":"12241"},{"id":"12265"},{"id":"12192"},{"id":"12264"},{"id":"12208"},{"id":"12223"},{"id":"12154"},{"id":"12225"},{"id":"12163"},{"id":"12164"},{"id":"12219"},{"id":"12224"},{"id":"12221"},{"id":"12220"},{"id":"12205"},{"id":"12209"},{"id":"12222"},{"id":"12350"},{"id":"12180"},{"id":"12217"},{"id":"12216"},{"id":"12204"},{"id":"12203"},{"id":"12315"},{"id":"12161"},{"id":"12281"},{"id":"12162"},{"id":"17305"},{"id":"17301"},{"id":"17300"},{"id":"17271"},{"id":"17374"},{"id":"17402"},{"id":"17401"},{"id":"17392"},{"id":"17274"},{"id":"17730"},{"id":"17275"},{"id":"17235"},{"id":"17340"},{"id":"17341"},{"id":"17342"},{"id":"12282"},{"id":"16036"},{"id":"12237"},{"id":"12238"},{"id":"12156"},{"id":"12187"},{"id":"12302"},{"id":"12341"},{"id":"12470"},{"id":"12239"},{"id":"12129"},{"id":"12099"},{"id":"12125"},{"id":"12339"},{"id":"12141"},{"id":"12086"},{"id":"12338"},{"id":"12300"},{"id":"12092"},{"id":"12093"},{"id":"12089"},{"id":"12083"},{"id":"12078"},{"id":"12235"},{"id":"12276"},{"id":"12275"},{"id":"12172"},{"id":"12171"},{"id":"12063"},{"id":"12069"},{"id":"12070"},{"id":"12068"},{"id":"12064"},{"id":"12065"},{"id":"12167"},{"id":"12165"},{"id":"12166"},{"id":"12059"},{"id":"12057"},{"id":"12040"},{"id":"12031"},{"id":"12058"},{"id":"12080"},{"id":"12081"},{"id":"12011"},{"id":"12073"},{"id":"12021"},{"id":"12077"},{"id":"12012"},{"id":"16403"},{"id":"12016"},{"id":"12017"},{"id":"12025"},{"id":"11986"},{"id":"11985"},{"id":"11976"},{"id":"11999"},{"id":"12024"},{"id":"16121"},{"id":"16122"},{"id":"16120"},{"id":"11980"},{"id":"11974"},{"id":"11973"},{"id":"11970"},{"id":"11981"},{"id":"11924"},{"id":"11919"},{"id":"11971"},{"id":"11982"},{"id":"11922"},{"id":"11967"},{"id":"11921"},{"id":"11923"},{"id":"11925"},{"id":"11909"},{"id":"11910"},{"id":"11918"},{"id":"11891"},{"id":"11917"},{"id":"11888"},{"id":"11920"},{"id":"11872"},{"id":"11988"},{"id":"11987"},{"id":"11926"},{"id":"11875"},{"id":"11822"},{"id":"11904"},{"id":"11903"},{"id":"11902"},{"id":"11901"},{"id":"11790"},{"id":"11885"},{"id":"11767"},{"id":"11863"},{"id":"11880"},{"id":"11862"},{"id":"11866"},{"id":"11989"},{"id":"11864"},{"id":"11865"},{"id":"11806"},{"id":"11839"},{"id":"11835"},{"id":"11933"},{"id":"11932"},{"id":"11931"},{"id":"16937"},{"id":"11809"},{"id":"11808"},{"id":"11807"},{"id":"11805"},{"id":"11804"},{"id":"11935"},{"id":"11934"},{"id":"16936"},{"id":"16935"},{"id":"11768"},{"id":"11769"},{"id":"11791"},{"id":"11828"},{"id":"11827"},{"id":"11871"},{"id":"11870"},{"id":"11833"},{"id":"11842"},{"id":"11841"},{"id":"11824"},{"id":"11825"},{"id":"11763"},{"id":"11764"},{"id":"11762"},{"id":"16930"},{"id":"16256"},{"id":"11951"},{"id":"11952"},{"id":"11949"},{"id":"11721"},{"id":"11737"},{"id":"11709"},{"id":"11950"},{"id":"11948"},{"id":"11857"},{"id":"11856"},{"id":"11724"},{"id":"11745"},{"id":"12855"},{"id":"12854"},{"id":"11947"},{"id":"17343"},{"id":"17344"},{"id":"17345"},{"id":"17212"},{"id":"17216"},{"id":"17217"},{"id":"17297"},{"id":"17248"},{"id":"17244"},{"id":"17249"},{"id":"17243"},{"id":"17239"},{"id":"17222"},{"id":"17361"},{"id":"17360"},{"id":"11946"},{"id":"11757"},{"id":"17380"},{"id":"11654"},{"id":"11644"},{"id":"11647"},{"id":"11706"},{"id":"11699"},{"id":"11728"},{"id":"11648"},{"id":"11720"},{"id":"11718"},{"id":"11719"},{"id":"11694"},{"id":"11626"},{"id":"11627"},{"id":"11635"},{"id":"11623"},{"id":"11677"},{"id":"11633"},{"id":"11674"},{"id":"11649"},{"id":"11650"},{"id":"11601"},{"id":"11868"},{"id":"11695"},{"id":"11596"},{"id":"11667"},{"id":"11673"},{"id":"11671"},{"id":"11669"},{"id":"11576"},{"id":"11732"},{"id":"11702"},{"id":"11664"},{"id":"11592"},{"id":"11582"},{"id":"17388"},{"id":"11573"},{"id":"11591"},{"id":"11479"},{"id":"15251"},{"id":"11469"},{"id":"11478"},{"id":"15250"},{"id":"11730"},{"id":"11515"},{"id":"11473"},{"id":"16237"},{"id":"11502"},{"id":"11503"},{"id":"11425"},{"id":"11447"},{"id":"11424"},{"id":"11431"},{"id":"11499"},{"id":"11498"},{"id":"11496"},{"id":"11495"},{"id":"11599"},{"id":"11426"},{"id":"11538"},{"id":"11441"},{"id":"11417"},{"id":"11404"},{"id":"12365"},{"id":"16118"},{"id":"16119"},{"id":"16126"},{"id":"11349"},{"id":"11338"},{"id":"11337"},{"id":"12364"},{"id":"11329"},{"id":"11327"},{"id":"11353"},{"id":"11362"},{"id":"11328"},{"id":"11313"},{"id":"11312"},{"id":"14128"},{"id":"11303"},{"id":"11302"},{"id":"11304"},{"id":"11300"},{"id":"12665"},{"id":"12670"},{"id":"11301"},{"id":"15247"},{"id":"11270"},{"id":"11240"},{"id":"11239"},{"id":"11375"},{"id":"11219"},{"id":"11283"},{"id":"11399"},{"id":"11298"},{"id":"11233"},{"id":"11232"},{"id":"11246"},{"id":"11224"},{"id":"11247"},{"id":"11254"},{"id":"11201"},{"id":"11228"},{"id":"11229"},{"id":"11940"},{"id":"11941"},{"id":"11190"},{"id":"11512"},{"id":"11245"},{"id":"11174"},{"id":"11145"},{"id":"11141"},{"id":"11144"},{"id":"11879"},{"id":"11140"},{"id":"11118"},{"id":"11121"},{"id":"11120"},{"id":"11119"},{"id":"11151"},{"id":"11117"},{"id":"11450"},{"id":"11153"},{"id":"11107"},{"id":"11109"},{"id":"15735"},{"id":"11112"},{"id":"11106"},{"id":"11101"},{"id":"11103"},{"id":"11102"},{"id":"17253"},{"id":"17238"},{"id":"17221"},{"id":"17237"},{"id":"17240"},{"id":"17359"},{"id":"17254"},{"id":"17198"},{"id":"17199"},{"id":"17200"},{"id":"17255"},{"id":"17201"},{"id":"17207"},{"id":"17208"},{"id":"17247"},{"id":"17246"},{"id":"17381"},{"id":"17260"},{"id":"17223"},{"id":"17242"},{"id":"17241"},{"id":"17236"},{"id":"17713"},{"id":"17714"},{"id":"17715"},{"id":"17219"},{"id":"17717"},{"id":"17718"},{"id":"17232"},{"id":"17716"},{"id":"17322"},{"id":"17675"},{"id":"17671"},{"id":"17729"},{"id":"17711"},{"id":"17703"},{"id":"17702"},{"id":"17693"},{"id":"17678"},{"id":"17700"},{"id":"17704"},{"id":"17655"},{"id":"17699"},{"id":"17701"},{"id":"17669"},{"id":"17668"},{"id":"17321"},{"id":"17197"},{"id":"17196"},{"id":"17210"},{"id":"17211"},{"id":"17224"},{"id":"17265"},{"id":"17227"},{"id":"17225"},{"id":"17226"},{"id":"17270"},{"id":"17186"},{"id":"17721"},{"id":"17202"},{"id":"17203"},{"id":"17205"},{"id":"17722"},{"id":"17723"},{"id":"17206"},{"id":"17209"},{"id":"17252"},{"id":"17251"},{"id":"17174"},{"id":"17173"},{"id":"17175"},{"id":"17176"},{"id":"17574"},{"id":"17573"},{"id":"17572"},{"id":"17650"},{"id":"17649"},{"id":"17231"},{"id":"17230"},{"id":"17184"},{"id":"17228"},{"id":"17229"},{"id":"17272"},{"id":"17273"},{"id":"17195"},{"id":"17428"},{"id":"17266"},{"id":"17267"},{"id":"17268"},{"id":"17269"},{"id":"17157"},{"id":"17158"},{"id":"17150"},{"id":"17165"},{"id":"17259"},{"id":"17179"},{"id":"17180"},{"id":"17183"},{"id":"17182"},{"id":"17545"},{"id":"17546"},{"id":"17548"},{"id":"17547"},{"id":"17320"},{"id":"17110"},{"id":"17075"},{"id":"17078"},{"id":"17098"},{"id":"17097"},{"id":"17141"},{"id":"17077"},{"id":"17076"},{"id":"17074"},{"id":"17480"},{"id":"17481"},{"id":"17178"},{"id":"17079"},{"id":"17690"},{"id":"17177"},{"id":"17382"},{"id":"17081"},{"id":"17482"},{"id":"17095"},{"id":"17080"},{"id":"17125"},{"id":"17193"},{"id":"17126"},{"id":"17114"},{"id":"17192"},{"id":"17108"},{"id":"17109"},{"id":"17234"},{"id":"17218"},{"id":"17169"},{"id":"17170"},{"id":"17171"},{"id":"17156"},{"id":"17161"},{"id":"17162"},{"id":"17163"},{"id":"17375"},{"id":"17376"},{"id":"17377"},{"id":"17233"},{"id":"17204"},{"id":"17083"},{"id":"17084"},{"id":"17120"},{"id":"17121"},{"id":"17122"},{"id":"17123"},{"id":"17082"},{"id":"17152"},{"id":"17154"},{"id":"17153"},{"id":"17113"},{"id":"17112"},{"id":"17111"},{"id":"17151"},{"id":"17040"},{"id":"17046"},{"id":"16997"},{"id":"17066"},{"id":"17041"},{"id":"17042"},{"id":"17057"},{"id":"17058"},{"id":"17059"},{"id":"17039"},{"id":"17038"},{"id":"17037"},{"id":"17036"},{"id":"17035"},{"id":"17034"},{"id":"17033"},{"id":"16996"},{"id":"17215"},{"id":"17159"},{"id":"17160"},{"id":"17549"},{"id":"17127"},{"id":"17128"},{"id":"17026"},{"id":"17028"},{"id":"17029"},{"id":"17030"},{"id":"17031"},{"id":"17149"},{"id":"17092"},{"id":"17093"},{"id":"17094"},{"id":"17403"},{"id":"17089"},{"id":"17090"},{"id":"17091"},{"id":"17019"},{"id":"17676"},{"id":"17647"},{"id":"17646"},{"id":"17687"},{"id":"17686"},{"id":"17664"},{"id":"17665"},{"id":"17615"},{"id":"17614"},{"id":"17639"},{"id":"17637"},{"id":"17616"},{"id":"17670"},{"id":"17654"},{"id":"17640"},{"id":"17020"},{"id":"17021"},{"id":"17085"},{"id":"17086"},{"id":"17087"},{"id":"17088"},{"id":"17116"},{"id":"17124"},{"id":"17115"},{"id":"17047"},{"id":"17048"},{"id":"17044"},{"id":"17050"},{"id":"17051"},{"id":"17189"},{"id":"17190"},{"id":"17014"},{"id":"17000"},{"id":"17001"},{"id":"17326"},{"id":"17450"},{"id":"17015"},{"id":"17104"},{"id":"17016"},{"id":"17013"},{"id":"17213"},{"id":"17387"},{"id":"17103"},{"id":"17188"},{"id":"17277"},{"id":"17276"},{"id":"17096"},{"id":"17119"},{"id":"17181"},{"id":"17185"},{"id":"17194"},{"id":"17155"},{"id":"17069"},{"id":"17065"},{"id":"17477"},{"id":"17476"},{"id":"17475"},{"id":"17474"},{"id":"17473"},{"id":"17472"},{"id":"17471"},{"id":"17470"},{"id":"17064"},{"id":"17052"},{"id":"17118"},{"id":"17117"},{"id":"17101"},{"id":"17144"},{"id":"17172"},{"id":"17140"},{"id":"17045"},{"id":"17139"},{"id":"17005"},{"id":"17102"},{"id":"17137"},{"id":"17099"},{"id":"17214"},{"id":"17100"},{"id":"17138"},{"id":"17168"},{"id":"17063"},{"id":"17062"},{"id":"17071"},{"id":"17070"},{"id":"17006"},{"id":"17645"},{"id":"17025"},{"id":"17061"},{"id":"17592"},{"id":"17593"},{"id":"17594"},{"id":"17591"},{"id":"17603"},{"id":"17604"},{"id":"17605"},{"id":"17602"},{"id":"17601"},{"id":"17600"},{"id":"17599"},{"id":"17598"},{"id":"17597"},{"id":"17596"},{"id":"17167"},{"id":"17166"},{"id":"17107"},{"id":"17106"},{"id":"16979"},{"id":"16980"},{"id":"16978"},{"id":"16976"},{"id":"16982"},{"id":"16977"},{"id":"17024"},{"id":"17023"},{"id":"17022"},{"id":"17373"},{"id":"17002"},{"id":"17011"},{"id":"17017"},{"id":"17018"},{"id":"16974"},{"id":"16973"},{"id":"17496"},{"id":"17497"},{"id":"17498"},{"id":"17499"},{"id":"17067"},{"id":"16987"},{"id":"16992"},{"id":"16983"},{"id":"16981"},{"id":"17164"},{"id":"16952"},{"id":"17068"},{"id":"16944"},{"id":"16933"},{"id":"16932"},{"id":"16940"},{"id":"16941"},{"id":"16942"},{"id":"17220"},{"id":"16985"},{"id":"16955"},{"id":"16984"},{"id":"16949"},{"id":"17555"},{"id":"16954"},{"id":"16939"},{"id":"16938"},{"id":"17007"},{"id":"16943"},{"id":"16951"},{"id":"17003"},{"id":"17004"},{"id":"16999"},{"id":"16948"},{"id":"16953"},{"id":"16897"},{"id":"17567"},{"id":"16895"},{"id":"16927"},{"id":"16926"},{"id":"16890"},{"id":"16934"},{"id":"16925"},{"id":"17641"},{"id":"17733"},{"id":"17726"},{"id":"17725"},{"id":"17748"},{"id":"17667"},{"id":"17666"},{"id":"17698"},{"id":"17657"},{"id":"17658"},{"id":"17677"},{"id":"17622"},{"id":"17617"},{"id":"17740"},{"id":"17737"},{"id":"16924"},{"id":"16931"},{"id":"17009"},{"id":"17008"},{"id":"16989"},{"id":"17136"},{"id":"17135"},{"id":"17134"},{"id":"17133"},{"id":"17132"},{"id":"17131"},{"id":"17406"},{"id":"17407"},{"id":"16947"},{"id":"17187"},{"id":"16964"},{"id":"16988"},{"id":"16908"},{"id":"16907"},{"id":"16986"},{"id":"16904"},{"id":"16909"},{"id":"16903"},{"id":"17053"},{"id":"16920"},{"id":"16921"},{"id":"16915"},{"id":"16891"},{"id":"16912"},{"id":"16913"},{"id":"16883"},{"id":"16882"},{"id":"17060"},{"id":"16875"},{"id":"16945"},{"id":"16946"},{"id":"16852"},{"id":"16851"},{"id":"16850"},{"id":"17142"},{"id":"16848"},{"id":"16967"},{"id":"16968"},{"id":"16950"},{"id":"17411"},{"id":"16871"},{"id":"16872"},{"id":"16873"},{"id":"16874"},{"id":"16970"},{"id":"16965"},{"id":"16849"},{"id":"16969"},{"id":"16966"},{"id":"16879"},{"id":"16887"},{"id":"16906"},{"id":"16998"},{"id":"16831"},{"id":"16922"},{"id":"16923"},{"id":"16928"},{"id":"16864"},{"id":"16865"},{"id":"16956"},{"id":"16893"},{"id":"16957"},{"id":"16959"},{"id":"16958"},{"id":"16894"},{"id":"16905"},{"id":"16786"},{"id":"16817"},{"id":"16833"},{"id":"16814"},{"id":"16832"},{"id":"17012"},{"id":"16866"},{"id":"16834"},{"id":"16836"},{"id":"16837"},{"id":"16838"},{"id":"16876"},{"id":"16861"},{"id":"16860"},{"id":"16815"},{"id":"16816"},{"id":"16751"},{"id":"16779"},{"id":"16853"},{"id":"16802"},{"id":"16825"},{"id":"16750"},{"id":"16824"},{"id":"16818"},{"id":"16835"},{"id":"16777"},{"id":"16775"},{"id":"16747"},{"id":"16826"},{"id":"16793"},{"id":"16778"},{"id":"16753"},{"id":"16910"},{"id":"16868"},{"id":"16869"},{"id":"16911"},{"id":"16914"},{"id":"16730"},{"id":"16867"},{"id":"16863"},{"id":"16929"},{"id":"16862"},{"id":"16708"},{"id":"16889"},{"id":"16888"},{"id":"16746"},{"id":"16722"},{"id":"17317"},{"id":"17316"},{"id":"17315"},{"id":"17314"},{"id":"16960"},{"id":"16961"},{"id":"16962"},{"id":"16963"},{"id":"16857"},{"id":"17250"},{"id":"16794"},{"id":"16795"},{"id":"17282"},{"id":"17319"},{"id":"17318"},{"id":"16735"},{"id":"16733"},{"id":"16789"},{"id":"16727"},{"id":"16728"},{"id":"16729"},{"id":"16712"},{"id":"16713"},{"id":"16698"},{"id":"16699"},{"id":"16701"},{"id":"16709"},{"id":"16710"},{"id":"16711"},{"id":"16715"},{"id":"16716"},{"id":"16723"},{"id":"17691"},{"id":"17692"},{"id":"17739"},{"id":"17734"},{"id":"17620"},{"id":"17627"},{"id":"17618"},{"id":"17628"},{"id":"17621"},{"id":"17736"},{"id":"17743"},{"id":"17741"},{"id":"17735"},{"id":"17742"},{"id":"17738"},{"id":"16724"},{"id":"16725"},{"id":"16726"},{"id":"17327"},{"id":"17328"},{"id":"17329"},{"id":"17330"},{"id":"17331"},{"id":"17332"},{"id":"17333"},{"id":"17032"},{"id":"17010"},{"id":"16917"},{"id":"16771"},{"id":"16772"},{"id":"16773"},{"id":"16774"},{"id":"16776"},{"id":"16820"},{"id":"16892"},{"id":"16791"},{"id":"16792"},{"id":"16800"},{"id":"16801"},{"id":"16971"},{"id":"16796"},{"id":"16972"},{"id":"16797"},{"id":"16798"},{"id":"16846"},{"id":"16790"},{"id":"16752"},{"id":"16842"},{"id":"16841"},{"id":"16843"},{"id":"16844"},{"id":"16845"},{"id":"16839"},{"id":"16840"},{"id":"16787"},{"id":"16788"},{"id":"16744"},{"id":"16743"},{"id":"16919"},{"id":"17191"},{"id":"16693"},{"id":"16691"},{"id":"16748"},{"id":"16734"},{"id":"16858"},{"id":"16741"},{"id":"16695"},{"id":"16696"},{"id":"16697"},{"id":"16731"},{"id":"16742"},{"id":"16677"},{"id":"16684"},{"id":"16683"},{"id":"16678"},{"id":"16679"},{"id":"16680"},{"id":"16745"},{"id":"16682"},{"id":"16685"},{"id":"16663"},{"id":"16687"},{"id":"16686"},{"id":"16732"},{"id":"16700"},{"id":"16916"},{"id":"16654"},{"id":"16653"},{"id":"16652"},{"id":"16770"},{"id":"16769"},{"id":"16720"},{"id":"16705"},{"id":"16704"},{"id":"16703"},{"id":"16702"},{"id":"16784"},{"id":"16783"},{"id":"16782"},{"id":"16647"},{"id":"16823"},{"id":"16785"},{"id":"16660"},{"id":"16661"},{"id":"16662"},{"id":"16681"},{"id":"16668"},{"id":"16655"},{"id":"16656"},{"id":"16584"},{"id":"16583"},{"id":"16688"},{"id":"16666"},{"id":"16665"},{"id":"16606"},{"id":"16627"},{"id":"16630"},{"id":"16707"},{"id":"16718"},{"id":"16719"},{"id":"16827"},{"id":"16830"},{"id":"16828"},{"id":"16829"},{"id":"16870"},{"id":"16616"},{"id":"16766"},{"id":"16605"},{"id":"16761"},{"id":"16760"},{"id":"16759"},{"id":"16755"},{"id":"16754"},{"id":"16609"},{"id":"16607"},{"id":"16648"},{"id":"16758"},{"id":"16757"},{"id":"16756"},{"id":"16585"},{"id":"16918"},{"id":"16671"},{"id":"16636"},{"id":"16637"},{"id":"16676"},{"id":"16768"},{"id":"16670"},{"id":"16765"},{"id":"16645"},{"id":"16646"},{"id":"16649"},{"id":"16767"},{"id":"16763"},{"id":"16762"},{"id":"16764"},{"id":"16674"},{"id":"16593"},{"id":"16600"},{"id":"16673"},{"id":"16721"},{"id":"16588"},{"id":"16638"},{"id":"16640"},{"id":"16641"},{"id":"16642"},{"id":"17629"},{"id":"17624"},{"id":"17612"},{"id":"17613"},{"id":"17610"},{"id":"17619"},{"id":"17595"},{"id":"17609"},{"id":"17608"},{"id":"17607"},{"id":"17606"},{"id":"17577"},{"id":"17579"},{"id":"17580"},{"id":"17581"},{"id":"16639"},{"id":"16643"},{"id":"16644"},{"id":"16614"},{"id":"16612"},{"id":"16613"},{"id":"16615"},{"id":"16589"},{"id":"16620"},{"id":"16624"},{"id":"16632"},{"id":"16631"},{"id":"16855"},{"id":"16856"},{"id":"16854"},{"id":"16629"},{"id":"16601"},{"id":"16628"},{"id":"16617"},{"id":"16737"},{"id":"16553"},{"id":"16623"},{"id":"16618"},{"id":"16554"},{"id":"16555"},{"id":"16556"},{"id":"16559"},{"id":"16558"},{"id":"16886"},{"id":"16560"},{"id":"16557"},{"id":"16561"},{"id":"16563"},{"id":"16572"},{"id":"17425"},{"id":"16575"},{"id":"16608"},{"id":"16675"},{"id":"16667"},{"id":"16532"},{"id":"16533"},{"id":"16535"},{"id":"16536"},{"id":"16522"},{"id":"16531"},{"id":"16530"},{"id":"16529"},{"id":"16537"},{"id":"16509"},{"id":"16483"},{"id":"16491"},{"id":"16492"},{"id":"16493"},{"id":"16482"},{"id":"16664"},{"id":"16527"},{"id":"16507"},{"id":"16552"},{"id":"16521"},{"id":"16520"},{"id":"16519"},{"id":"16524"},{"id":"16499"},{"id":"16500"},{"id":"16501"},{"id":"16477"},{"id":"16478"},{"id":"16479"},{"id":"16525"},{"id":"16859"},{"id":"16494"},{"id":"16445"},{"id":"16476"},{"id":"16975"},{"id":"16625"},{"id":"16542"},{"id":"16594"},{"id":"16595"},{"id":"16596"},{"id":"16597"},{"id":"16503"},{"id":"16502"},{"id":"16498"},{"id":"16497"},{"id":"16598"},{"id":"16505"},{"id":"16599"},{"id":"16495"},{"id":"16504"},{"id":"16506"},{"id":"16486"},{"id":"16749"},{"id":"16573"},{"id":"16574"},{"id":"16508"},{"id":"16736"},{"id":"16885"},{"id":"16447"},{"id":"16450"},{"id":"16451"},{"id":"16452"},{"id":"16460"},{"id":"16461"},{"id":"16414"},{"id":"16415"},{"id":"16430"},{"id":"16431"},{"id":"16409"},{"id":"16410"},{"id":"16669"},{"id":"16546"},{"id":"16543"},{"id":"16544"},{"id":"16545"},{"id":"16586"},{"id":"16587"},{"id":"16592"},{"id":"16480"},{"id":"16481"},{"id":"16512"},{"id":"16487"},{"id":"16485"},{"id":"16547"},{"id":"16437"},{"id":"16548"},{"id":"16439"},{"id":"16549"},{"id":"16550"},{"id":"16436"},{"id":"16435"},{"id":"16434"},{"id":"16433"},{"id":"16428"},{"id":"16427"},{"id":"16426"},{"id":"16425"},{"id":"16401"},{"id":"16470"},{"id":"16471"},{"id":"16472"},{"id":"16473"},{"id":"16469"},{"id":"16474"},{"id":"16463"},{"id":"16468"},{"id":"16467"},{"id":"16466"},{"id":"16465"},{"id":"16464"},{"id":"16462"},{"id":"17588"},{"id":"17578"},{"id":"17576"},{"id":"17630"},{"id":"17631"},{"id":"17632"},{"id":"17633"},{"id":"17634"},{"id":"17551"},{"id":"17559"},{"id":"17484"},{"id":"17453"},{"id":"17550"},{"id":"17732"},{"id":"17731"},{"id":"16672"},{"id":"16442"},{"id":"16441"},{"id":"16440"},{"id":"16438"},{"id":"16421"},{"id":"16422"},{"id":"16408"},{"id":"16420"},{"id":"16419"},{"id":"16399"},{"id":"16453"},{"id":"16446"},{"id":"16805"},{"id":"16806"},{"id":"16807"},{"id":"16808"},{"id":"16809"},{"id":"16810"},{"id":"16811"},{"id":"16812"},{"id":"16813"},{"id":"16526"},{"id":"16569"},{"id":"16418"},{"id":"16568"},{"id":"16566"},{"id":"16567"},{"id":"16570"},{"id":"16571"},{"id":"16397"},{"id":"16396"},{"id":"16395"},{"id":"16394"},{"id":"16393"},{"id":"16402"},{"id":"16392"},{"id":"16379"},{"id":"16381"},{"id":"16382"},{"id":"16380"},{"id":"16353"},{"id":"16351"},{"id":"16375"},{"id":"16361"},{"id":"16389"},{"id":"16390"},{"id":"16391"},{"id":"16371"},{"id":"16372"},{"id":"16333"},{"id":"16334"},{"id":"16326"},{"id":"16738"},{"id":"16444"},{"id":"16387"},{"id":"16364"},{"id":"16362"},{"id":"16365"},{"id":"16386"},{"id":"16350"},{"id":"16484"},{"id":"16323"},{"id":"16322"},{"id":"16373"},{"id":"16374"},{"id":"16356"},{"id":"16355"},{"id":"16354"},{"id":"16348"},{"id":"16366"},{"id":"16339"},{"id":"16336"},{"id":"16349"},{"id":"16347"},{"id":"16325"},{"id":"16340"},{"id":"16337"},{"id":"16692"},{"id":"16318"},{"id":"16528"},{"id":"16352"},{"id":"16321"},{"id":"16282"},{"id":"16694"},{"id":"16363"},{"id":"16293"},{"id":"16292"},{"id":"16291"},{"id":"16330"},{"id":"16327"},{"id":"16565"},{"id":"16307"},{"id":"16302"},{"id":"17446"},{"id":"16564"},{"id":"17445"},{"id":"16264"},{"id":"16459"},{"id":"16458"},{"id":"16265"},{"id":"16358"},{"id":"16383"},{"id":"16281"},{"id":"16280"},{"id":"16285"},{"id":"16360"},{"id":"16303"},{"id":"16304"},{"id":"16319"},{"id":"16316"},{"id":"16315"},{"id":"16314"},{"id":"16313"},{"id":"16312"},{"id":"16255"},{"id":"16311"},{"id":"16269"},{"id":"16310"},{"id":"16449"},{"id":"16448"},{"id":"16413"},{"id":"16305"},{"id":"16306"},{"id":"16359"},{"id":"16290"},{"id":"16301"},{"id":"16300"},{"id":"16562"},{"id":"16299"},{"id":"16320"},{"id":"16345"},{"id":"16346"},{"id":"16367"},{"id":"16368"},{"id":"16369"},{"id":"16370"},{"id":"16238"},{"id":"16284"},{"id":"16338"},{"id":"16283"},{"id":"16523"},{"id":"16619"},{"id":"16174"},{"id":"16175"},{"id":"16248"},{"id":"16249"},{"id":"16250"},{"id":"16432"},{"id":"15823"},{"id":"17635"},{"id":"17582"},{"id":"17575"},{"id":"17561"},{"id":"17556"},{"id":"17553"},{"id":"17554"},{"id":"17569"},{"id":"17660"},{"id":"17659"},{"id":"17688"},{"id":"17565"},{"id":"17566"},{"id":"17638"},{"id":"17539"},{"id":"16235"},{"id":"16170"},{"id":"16268"},{"id":"16169"},{"id":"16171"},{"id":"16144"},{"id":"16150"},{"id":"16143"},{"id":"16134"},{"id":"16245"},{"id":"16221"},{"id":"16153"},{"id":"16165"},{"id":"16166"},{"id":"16168"},{"id":"16151"},{"id":"16244"},{"id":"16236"},{"id":"16243"},{"id":"16188"},{"id":"16198"},{"id":"16195"},{"id":"16187"},{"id":"16186"},{"id":"16185"},{"id":"16190"},{"id":"16211"},{"id":"16212"},{"id":"16213"},{"id":"16214"},{"id":"16215"},{"id":"16216"},{"id":"16217"},{"id":"16218"},{"id":"16219"},{"id":"16220"},{"id":"16222"},{"id":"16223"},{"id":"16225"},{"id":"16341"},{"id":"16328"},{"id":"16329"},{"id":"16252"},{"id":"16154"},{"id":"16157"},{"id":"16167"},{"id":"16819"},{"id":"16184"},{"id":"16189"},{"id":"16141"},{"id":"16142"},{"id":"16602"},{"id":"16603"},{"id":"16604"},{"id":"16388"},{"id":"16294"},{"id":"16133"},{"id":"16132"},{"id":"16297"},{"id":"16298"},{"id":"16253"},{"id":"16254"},{"id":"16130"},{"id":"16131"},{"id":"16296"},{"id":"16127"},{"id":"16295"},{"id":"16129"},{"id":"16128"},{"id":"16780"},{"id":"16251"},{"id":"16242"},{"id":"16246"},{"id":"16781"},{"id":"16139"},{"id":"17256"},{"id":"17257"},{"id":"17258"},{"id":"16140"},{"id":"16241"},{"id":"16266"},{"id":"16267"},{"id":"16278"},{"id":"16193"},{"id":"16200"},{"id":"16201"},{"id":"16202"},{"id":"16203"},{"id":"16205"},{"id":"16206"},{"id":"16209"},{"id":"16210"},{"id":"16155"},{"id":"16162"},{"id":"16156"},{"id":"16152"},{"id":"16231"},{"id":"16232"},{"id":"16261"},{"id":"16173"},{"id":"16098"},{"id":"16099"},{"id":"16194"},{"id":"16196"},{"id":"16197"},{"id":"16230"},{"id":"16229"},{"id":"16199"},{"id":"16227"},{"id":"16228"},{"id":"16204"},{"id":"16233"},{"id":"16234"},{"id":"16044"},{"id":"16087"},{"id":"16080"},{"id":"16089"},{"id":"16090"},{"id":"16088"},{"id":"16095"},{"id":"16104"},{"id":"16076"},{"id":"16107"},{"id":"16182"},{"id":"16106"},{"id":"16105"},{"id":"16181"},{"id":"16177"},{"id":"16178"},{"id":"16179"},{"id":"16180"},{"id":"16183"},{"id":"16176"},{"id":"16067"},{"id":"16085"},{"id":"16066"},{"id":"16084"},{"id":"16058"},{"id":"16072"},{"id":"16073"},{"id":"16149"},{"id":"16148"},{"id":"16047"},{"id":"16071"},{"id":"16074"},{"id":"16055"},{"id":"16075"},{"id":"16056"},{"id":"16057"},{"id":"17105"}]