[{"name":"149971.利福平胶囊(Ⅱ) (86901096000434 朝阳龙城制药有限公司 国药准字H21022675)","url":"http://app1.sfda.gov.cn/datasearch/face3/content.jsp?tableId=25&tableName=TABLE25&tableView=国产药品&Id=213730"},{"name":"149972.利福平胶囊(Ⅱ) (86901292000528 沈阳红旗制药有限公司 国药准字H21023360)","url":"http://app1.sfda.gov.cn/datasearch/face3/content.jsp?tableId=25&tableName=TABLE25&tableView=国产药品&Id=190048"},{"name":"149973.利福平胶囊 (Ⅱ) (86903904001138 康臣药业(内蒙古)有限责任公司 国药准字H15021096)","url":"http://app1.sfda.gov.cn/datasearch/face3/content.jsp?tableId=25&tableName=TABLE25&tableView=国产药品&Id=151437"},{"name":"149974.利福平胶囊 (86903444000417 吉林海通制药有限公司 国药准字H22024728)","url":"http://app1.sfda.gov.cn/datasearch/face3/content.jsp?tableId=25&tableName=TABLE25&tableView=国产药品&Id=145579"},{"name":"149975.利福平胶囊 (86903285001192 吉林四环澳康药业有限公司 国药准字H22020503)","url":"http://app1.sfda.gov.cn/datasearch/face3/content.jsp?tableId=25&tableName=TABLE25&tableView=国产药品&Id=141958"},{"name":"149976.利福平胶囊 (86903422001603 吉林佳泰制药有限公司 国药准字H22021706)","url":"http://app1.sfda.gov.cn/datasearch/face3/content.jsp?tableId=25&tableName=TABLE25&tableView=国产药品&Id=143391"},{"name":"149977.利福平胶囊 (86900800000241 上海信谊天平药业有限公司 国药准字H31020347)","url":"http://app1.sfda.gov.cn/datasearch/face3/content.jsp?tableId=25&tableName=TABLE25&tableView=国产药品&Id=104926"},{"name":"149978.利福平胶囊 (86900804001312 上海信谊万象药业股份有限公司 国药准字H31020037)","url":"http://app1.sfda.gov.cn/datasearch/face3/content.jsp?tableId=25&tableName=TABLE25&tableView=国产药品&Id=104519"},{"name":"149979.利福平胶囊 (86903285001314 吉林四环澳康药业有限公司 国药准字H22020502)","url":"http://app1.sfda.gov.cn/datasearch/face3/content.jsp?tableId=25&tableName=TABLE25&tableView=国产药品&Id=141603"},{"name":"149980.利福平胶囊 (86903422001610 吉林佳泰制药有限公司 国药准字H22021707)","url":"http://app1.sfda.gov.cn/datasearch/face3/content.jsp?tableId=25&tableName=TABLE25&tableView=国产药品&Id=143044"},{"name":"149981.利福平胶囊 (86900774000896 上海通用药业股份有限公司 国药准字H31021268)","url":"http://app1.sfda.gov.cn/datasearch/face3/content.jsp?tableId=25&tableName=TABLE25&tableView=国产药品&Id=105244"},{"name":"149982.利福平胶囊 (86900676000246 上海衡山药业有限公司 国药准字H31021101)","url":"http://app1.sfda.gov.cn/datasearch/face3/content.jsp?tableId=25&tableName=TABLE25&tableView=国产药品&Id=105609"},{"name":"149983.利福平胶囊 (86900727000539 上海美优制药有限公司 国药准字H31021971)","url":"http://app1.sfda.gov.cn/datasearch/face3/content.jsp?tableId=25&tableName=TABLE25&tableView=国产药品&Id=106119"},{"name":"149984.利福平胶囊 (86900673001222 上海禾丰制药有限公司 国药准字H31020545)","url":"http://app1.sfda.gov.cn/datasearch/face3/content.jsp?tableId=25&tableName=TABLE25&tableView=国产药品&Id=104468"},{"name":"149985.利福平胶囊 (86900661000169 上海福达制药有限公司 国药准字H31020839)","url":"http://app1.sfda.gov.cn/datasearch/face3/content.jsp?tableId=25&tableName=TABLE25&tableView=国产药品&Id=104503"}]