[{"name":"1366.天津红日药业股份有限公司 (津20150004)","url":"http://app1.sfda.gov.cn/datasearch/face3/content.jsp?tableId=34&tableName=TABLE34&tableView=药品生产企业&Id=6524"},{"name":"1367.利安隆（天津）制药有限公司 (津20160011)","url":"http://app1.sfda.gov.cn/datasearch/face3/content.jsp?tableId=34&tableName=TABLE34&tableView=药品生产企业&Id=6526"},{"name":"1368.南昌济顺制药有限公司 (赣20160101)","url":"http://app1.sfda.gov.cn/datasearch/face3/content.jsp?tableId=34&tableName=TABLE34&tableView=药品生产企业&Id=5580"},{"name":"1369.江西阿尔法高科药业有限公司 (赣20160102)","url":"http://app1.sfda.gov.cn/datasearch/face3/content.jsp?tableId=34&tableName=TABLE34&tableView=药品生产企业&Id=5582"},{"name":"1370.江西希尔康泰制药有限公司 (赣20160103)","url":"http://app1.sfda.gov.cn/datasearch/face3/content.jsp?tableId=34&tableName=TABLE34&tableView=药品生产企业&Id=5584"},{"name":"1371.江西省宜春市锐锋制氧有限责任公司 (赣20160104)","url":"http://app1.sfda.gov.cn/datasearch/face3/content.jsp?tableId=34&tableName=TABLE34&tableView=药品生产企业&Id=5586"},{"name":"1372.江西省玉山东港中药饮片有限公司 (赣20160105)","url":"http://app1.sfda.gov.cn/datasearch/face3/content.jsp?tableId=34&tableName=TABLE34&tableView=药品生产企业&Id=5588"},{"name":"1373.南昌白云药业有限公司 (赣20160106)","url":"http://app1.sfda.gov.cn/datasearch/face3/content.jsp?tableId=34&tableName=TABLE34&tableView=药品生产企业&Id=5590"},{"name":"1374.江西盛翔制药有限公司 (赣20160107)","url":"http://app1.sfda.gov.cn/datasearch/face3/content.jsp?tableId=34&tableName=TABLE34&tableView=药品生产企业&Id=5592"},{"name":"1375.广西岑溪市安阳堂药业有限公司 (桂20160074)","url":"http://app1.sfda.gov.cn/datasearch/face3/content.jsp?tableId=34&tableName=TABLE34&tableView=药品生产企业&Id=5594"},{"name":"1376.广西玉林方特药业有限责任公司 (桂20160075)","url":"http://app1.sfda.gov.cn/datasearch/face3/content.jsp?tableId=34&tableName=TABLE34&tableView=药品生产企业&Id=5596"},{"name":"1377.吉安市宇亿中药材有限公司 (赣20170002)","url":"http://app1.sfda.gov.cn/datasearch/face3/content.jsp?tableId=34&tableName=TABLE34&tableView=药品生产企业&Id=5880"},{"name":"1378.江西生物制品研究所股份有限公司 (赣20160019)","url":"http://app1.sfda.gov.cn/datasearch/face3/content.jsp?tableId=34&tableName=TABLE34&tableView=药品生产企业&Id=6154"},{"name":"1379.江西京通美联药业有限公司 (赣20160020)","url":"http://app1.sfda.gov.cn/datasearch/face3/content.jsp?tableId=34&tableName=TABLE34&tableView=药品生产企业&Id=6156"},{"name":"1380.赣州邦达高科制药有限公司 (赣20160021)","url":"http://app1.sfda.gov.cn/datasearch/face3/content.jsp?tableId=34&tableName=TABLE34&tableView=药品生产企业&Id=6158"},{"name":"1381.江西海尔思药业股份有限公司 (赣20160096)","url":"http://app1.sfda.gov.cn/datasearch/face3/content.jsp?tableId=34&tableName=TABLE34&tableView=药品生产企业&Id=6160"},{"name":"1382.江西众源药业有限公司 (赣20160097)","url":"http://app1.sfda.gov.cn/datasearch/face3/content.jsp?tableId=34&tableName=TABLE34&tableView=药品生产企业&Id=6162"},{"name":"1383.江西吉安三力制药有限公司 (赣20160098)","url":"http://app1.sfda.gov.cn/datasearch/face3/content.jsp?tableId=34&tableName=TABLE34&tableView=药品生产企业&Id=6164"},{"name":"1384.江西药都仁和制药有限公司 (赣20160099)","url":"http://app1.sfda.gov.cn/datasearch/face3/content.jsp?tableId=34&tableName=TABLE34&tableView=药品生产企业&Id=6166"},{"name":"1385.江西药都堂中药饮片有限公司 (赣20160100)","url":"http://app1.sfda.gov.cn/datasearch/face3/content.jsp?tableId=34&tableName=TABLE34&tableView=药品生产企业&Id=6168"},{"name":"1386.鹰潭市远大气体有限公司 (赣20160018)","url":"http://app1.sfda.gov.cn/datasearch/face3/content.jsp?tableId=34&tableName=TABLE34&tableView=药品生产企业&Id=6152"},{"name":"1387.广西仁济堂中药饮片有限公司 (桂20160066)","url":"http://app1.sfda.gov.cn/datasearch/face3/content.jsp?tableId=34&tableName=TABLE34&tableView=药品生产企业&Id=6188"},{"name":"1388.南宁糖业股份有限公司伶俐糖厂 (桂20160067)","url":"http://app1.sfda.gov.cn/datasearch/face3/content.jsp?tableId=34&tableName=TABLE34&tableView=药品生产企业&Id=6190"},{"name":"1389.广西医科大学制药厂 (桂20160068)","url":"http://app1.sfda.gov.cn/datasearch/face3/content.jsp?tableId=34&tableName=TABLE34&tableView=药品生产企业&Id=6192"},{"name":"1390.广西南宁市仁众药业有限责任公司 (桂20160069)","url":"http://app1.sfda.gov.cn/datasearch/face3/content.jsp?tableId=34&tableName=TABLE34&tableView=药品生产企业&Id=6194"},{"name":"1391.江西仁丰药业有限公司 (赣20160022)","url":"http://app1.sfda.gov.cn/datasearch/face3/content.jsp?tableId=34&tableName=TABLE34&tableView=药品生产企业&Id=6196"},{"name":"1392.江西百神昌诺药业有限公司 (赣20160023)","url":"http://app1.sfda.gov.cn/datasearch/face3/content.jsp?tableId=34&tableName=TABLE34&tableView=药品生产企业&Id=6198"},{"name":"1393.江西银涛药业有限公司 (赣20160024)","url":"http://app1.sfda.gov.cn/datasearch/face3/content.jsp?tableId=34&tableName=TABLE34&tableView=药品生产企业&Id=6200"},{"name":"1394.山西澳迩药业有限公司 (晋20160120)","url":"http://app1.sfda.gov.cn/datasearch/face3/content.jsp?tableId=34&tableName=TABLE34&tableView=药品生产企业&Id=6202"},{"name":"1395.晋中万嘉经贸有限公司 (晋20160121)","url":"http://app1.sfda.gov.cn/datasearch/face3/content.jsp?tableId=34&tableName=TABLE34&tableView=药品生产企业&Id=6204"},{"name":"1396.天圣制药集团山西有限公司 (晋20160122)","url":"http://app1.sfda.gov.cn/datasearch/face3/content.jsp?tableId=34&tableName=TABLE34&tableView=药品生产企业&Id=6206"},{"name":"1397.天津华津制药有限公司 (津20160012)","url":"http://app1.sfda.gov.cn/datasearch/face3/content.jsp?tableId=34&tableName=TABLE34&tableView=药品生产企业&Id=6528"},{"name":"1398.天津天士力之骄药业有限公司 (津20160013)","url":"http://app1.sfda.gov.cn/datasearch/face3/content.jsp?tableId=34&tableName=TABLE34&tableView=药品生产企业&Id=6530"},{"name":"1399.天津道和优科技发展有限公司 (津20160014)","url":"http://app1.sfda.gov.cn/datasearch/face3/content.jsp?tableId=34&tableName=TABLE34&tableView=药品生产企业&Id=6532"},{"name":"1400.凯莱英医药集团（天津）股份有限公司 (津20160015)","url":"http://app1.sfda.gov.cn/datasearch/face3/content.jsp?tableId=34&tableName=TABLE34&tableView=药品生产企业&Id=6534"},{"name":"1401.凯莱英生命科学技术（天津）有限公司 (津20160016)","url":"http://app1.sfda.gov.cn/datasearch/face3/content.jsp?tableId=34&tableName=TABLE34&tableView=药品生产企业&Id=6536"},{"name":"1402.山西维康堂中药饮片有限公司 (晋20160064)","url":"http://app1.sfda.gov.cn/datasearch/face3/content.jsp?tableId=34&tableName=TABLE34&tableView=药品生产企业&Id=6538"},{"name":"1403.山西省农业科学院蜂产品开发研制厂 (晋20160065)","url":"http://app1.sfda.gov.cn/datasearch/face3/content.jsp?tableId=34&tableName=TABLE34&tableView=药品生产企业&Id=6540"},{"name":"1404.山西宝泰药业有限责任公司 (晋20160066)","url":"http://app1.sfda.gov.cn/datasearch/face3/content.jsp?tableId=34&tableName=TABLE34&tableView=药品生产企业&Id=6542"},{"name":"1405.山西浑源万生黄芪开发有限公司 (晋20160067)","url":"http://app1.sfda.gov.cn/datasearch/face3/content.jsp?tableId=34&tableName=TABLE34&tableView=药品生产企业&Id=6544"},{"name":"1406.长治市三宝生化药业有限公司 (晋20160068)","url":"http://app1.sfda.gov.cn/datasearch/face3/content.jsp?tableId=34&tableName=TABLE34&tableView=药品生产企业&Id=6546"},{"name":"1407.广西万德药业有限公司 (桂20160076)","url":"http://app1.sfda.gov.cn/datasearch/face3/content.jsp?tableId=34&tableName=TABLE34&tableView=药品生产企业&Id=5598"},{"name":"1408.广西方略集团崇左制药有限公司 (桂20160078)","url":"http://app1.sfda.gov.cn/datasearch/face3/content.jsp?tableId=34&tableName=TABLE34&tableView=药品生产企业&Id=5600"},{"name":"1409.广西汇粹药业有限公司 (桂20160079)","url":"http://app1.sfda.gov.cn/datasearch/face3/content.jsp?tableId=34&tableName=TABLE34&tableView=药品生产企业&Id=5602"},{"name":"1410.广西千珍制药有限公司 (桂20160080)","url":"http://app1.sfda.gov.cn/datasearch/face3/content.jsp?tableId=34&tableName=TABLE34&tableView=药品生产企业&Id=5604"},{"name":"1411.广西白云山盈康药业有限公司 (桂20160073)","url":"http://app1.sfda.gov.cn/datasearch/face3/content.jsp?tableId=34&tableName=TABLE34&tableView=药品生产企业&Id=5606"},{"name":"1412.广西葛洪堂药业有限公司 (桂20160081)","url":"http://app1.sfda.gov.cn/datasearch/face3/content.jsp?tableId=34&tableName=TABLE34&tableView=药品生产企业&Id=5608"},{"name":"1413.江西百神药业股份有限公司 (赣20160029)","url":"http://app1.sfda.gov.cn/datasearch/face3/content.jsp?tableId=34&tableName=TABLE34&tableView=药品生产企业&Id=5610"},{"name":"1414.景德镇市昌圣气体有限责任公司 (赣20160030)","url":"http://app1.sfda.gov.cn/datasearch/face3/content.jsp?tableId=34&tableName=TABLE34&tableView=药品生产企业&Id=5612"},{"name":"1415.石药集团江西金芙蓉药业股份有限公司 (赣20160031)","url":"http://app1.sfda.gov.cn/datasearch/face3/content.jsp?tableId=34&tableName=TABLE34&tableView=药品生产企业&Id=5614"},{"name":"1416.江西佑美制药有限公司 (赣20160032)","url":"http://app1.sfda.gov.cn/datasearch/face3/content.jsp?tableId=34&tableName=TABLE34&tableView=药品生产企业&Id=5616"},{"name":"1417.广西梧州制药（集团）股份有限公司 (桂20160009)","url":"http://app1.sfda.gov.cn/datasearch/face3/content.jsp?tableId=34&tableName=TABLE34&tableView=药品生产企业&Id=6170"},{"name":"1418.梧州黄埔化工药业有限公司 (桂20160010)","url":"http://app1.sfda.gov.cn/datasearch/face3/content.jsp?tableId=34&tableName=TABLE34&tableView=药品生产企业&Id=6172"},{"name":"1419.广西华天宝药业有限公司 (桂20160011)","url":"http://app1.sfda.gov.cn/datasearch/face3/content.jsp?tableId=34&tableName=TABLE34&tableView=药品生产企业&Id=6174"},{"name":"1420.广西玉兰制药有限公司 (桂20160012)","url":"http://app1.sfda.gov.cn/datasearch/face3/content.jsp?tableId=34&tableName=TABLE34&tableView=药品生产企业&Id=6176"},{"name":"1421.广西铁哥制药有限公司 (桂20160013)","url":"http://app1.sfda.gov.cn/datasearch/face3/content.jsp?tableId=34&tableName=TABLE34&tableView=药品生产企业&Id=6178"},{"name":"1422.广西南宁德致药业有限公司 (桂20160062)","url":"http://app1.sfda.gov.cn/datasearch/face3/content.jsp?tableId=34&tableName=TABLE34&tableView=药品生产企业&Id=6180"},{"name":"1423.广西金海堂药业有限责任公司 (桂20160063)","url":"http://app1.sfda.gov.cn/datasearch/face3/content.jsp?tableId=34&tableName=TABLE34&tableView=药品生产企业&Id=6182"},{"name":"1424.广西绿城制药有限公司 (桂20160064)","url":"http://app1.sfda.gov.cn/datasearch/face3/content.jsp?tableId=34&tableName=TABLE34&tableView=药品生产企业&Id=6184"},{"name":"1425.广西桂翰药业有限公司 (桂20160065)","url":"http://app1.sfda.gov.cn/datasearch/face3/content.jsp?tableId=34&tableName=TABLE34&tableView=药品生产企业&Id=6186"},{"name":"1426.临汾鑫草远源中药饮片有限公司 (晋20160123)","url":"http://app1.sfda.gov.cn/datasearch/face3/content.jsp?tableId=34&tableName=TABLE34&tableView=药品生产企业&Id=6208"},{"name":"1427.大同市利群药业有限责任公司 (晋20160124)","url":"http://app1.sfda.gov.cn/datasearch/face3/content.jsp?tableId=34&tableName=TABLE34&tableView=药品生产企业&Id=6210"},{"name":"1428.山西同济药业有限公司 (晋20160125)","url":"http://app1.sfda.gov.cn/datasearch/face3/content.jsp?tableId=34&tableName=TABLE34&tableView=药品生产企业&Id=6212"},{"name":"1429.山西利丰华瑞制药有限责任公司 (晋20160126)","url":"http://app1.sfda.gov.cn/datasearch/face3/content.jsp?tableId=34&tableName=TABLE34&tableView=药品生产企业&Id=6214"},{"name":"1430.北京同仁堂健康药业股份有限公司 (京20150054)","url":"http://app1.sfda.gov.cn/datasearch/face3/content.jsp?tableId=34&tableName=TABLE34&tableView=药品生产企业&Id=6216"},{"name":"1431.北京北氧联合气体有限公司 (京20150064)","url":"http://app1.sfda.gov.cn/datasearch/face3/content.jsp?tableId=34&tableName=TABLE34&tableView=药品生产企业&Id=6218"},{"name":"1432.北京人卫中药饮片厂 (京20150065)","url":"http://app1.sfda.gov.cn/datasearch/face3/content.jsp?tableId=34&tableName=TABLE34&tableView=药品生产企业&Id=6220"},{"name":"1433.北京东方医用气体有限公司 (京20150066)","url":"http://app1.sfda.gov.cn/datasearch/face3/content.jsp?tableId=34&tableName=TABLE34&tableView=药品生产企业&Id=6222"},{"name":"1434.北京金典汉方药业股份有限公司 (京20150067)","url":"http://app1.sfda.gov.cn/datasearch/face3/content.jsp?tableId=34&tableName=TABLE34&tableView=药品生产企业&Id=6224"},{"name":"1435.北京佑三药业有限公司 (京20150068)","url":"http://app1.sfda.gov.cn/datasearch/face3/content.jsp?tableId=34&tableName=TABLE34&tableView=药品生产企业&Id=6226"},{"name":"1436.施维雅(天津)制药有限公司 (津20150055)","url":"http://app1.sfda.gov.cn/datasearch/face3/content.jsp?tableId=34&tableName=TABLE34&tableView=药品生产企业&Id=6228"},{"name":"1437.安国市保康中药饮片加工有限公司 (冀20160034)","url":"http://app1.sfda.gov.cn/datasearch/face3/content.jsp?tableId=34&tableName=TABLE34&tableView=药品生产企业&Id=5280"},{"name":"1438.保定本草源中药饮片有限公司 (冀20160035)","url":"http://app1.sfda.gov.cn/datasearch/face3/content.jsp?tableId=34&tableName=TABLE34&tableView=药品生产企业&Id=5282"},{"name":"1439.安国市奉义药业有限公司 (冀20160037)","url":"http://app1.sfda.gov.cn/datasearch/face3/content.jsp?tableId=34&tableName=TABLE34&tableView=药品生产企业&Id=5284"},{"name":"1440.平泉泰昌制氧厂 (冀20160038)","url":"http://app1.sfda.gov.cn/datasearch/face3/content.jsp?tableId=34&tableName=TABLE34&tableView=药品生产企业&Id=5286"},{"name":"1441.河北孚泰药业有限公司 (冀20160039)","url":"http://app1.sfda.gov.cn/datasearch/face3/content.jsp?tableId=34&tableName=TABLE34&tableView=药品生产企业&Id=5288"},{"name":"1442.河北药兴药业有限公司 (冀20160040)","url":"http://app1.sfda.gov.cn/datasearch/face3/content.jsp?tableId=34&tableName=TABLE34&tableView=药品生产企业&Id=5290"},{"name":"1443.北京亚东生物制药（安国）有限公司 (冀20130010)","url":"http://app1.sfda.gov.cn/datasearch/face3/content.jsp?tableId=34&tableName=TABLE34&tableView=药品生产企业&Id=5292"},{"name":"1444.安国京隆康药业有限公司 (冀20130013)","url":"http://app1.sfda.gov.cn/datasearch/face3/content.jsp?tableId=34&tableName=TABLE34&tableView=药品生产企业&Id=5294"},{"name":"1445.河北恩典药业有限公司 (冀20130014)","url":"http://app1.sfda.gov.cn/datasearch/face3/content.jsp?tableId=34&tableName=TABLE34&tableView=药品生产企业&Id=5296"},{"name":"1446.吉林省北芪科技制药有限公司 (吉20180320)","url":"http://app1.sfda.gov.cn/datasearch/face3/content.jsp?tableId=34&tableName=TABLE34&tableView=药品生产企业&Id=5298"},{"name":"1447.任丘市洪达气体有限公司 (冀20130008)","url":"http://app1.sfda.gov.cn/datasearch/face3/content.jsp?tableId=34&tableName=TABLE34&tableView=药品生产企业&Id=5300"},{"name":"1448.安国市弘发中药材饮片有限公司 (冀20130009)","url":"http://app1.sfda.gov.cn/datasearch/face3/content.jsp?tableId=34&tableName=TABLE34&tableView=药品生产企业&Id=5302"},{"name":"1449.江西本真药业有限责任公司 (赣20160033)","url":"http://app1.sfda.gov.cn/datasearch/face3/content.jsp?tableId=34&tableName=TABLE34&tableView=药品生产企业&Id=5618"},{"name":"1450.江西品信药业有限公司 (赣20160034)","url":"http://app1.sfda.gov.cn/datasearch/face3/content.jsp?tableId=34&tableName=TABLE34&tableView=药品生产企业&Id=5620"},{"name":"1451.江西德瑞制药有限公司 (赣20160108)","url":"http://app1.sfda.gov.cn/datasearch/face3/content.jsp?tableId=34&tableName=TABLE34&tableView=药品生产企业&Id=5622"},{"name":"1452.江西樟树天齐堂中药饮片有限公司 (赣20160109)","url":"http://app1.sfda.gov.cn/datasearch/face3/content.jsp?tableId=34&tableName=TABLE34&tableView=药品生产企业&Id=5624"},{"name":"1453.上饶远大气体有限公司 (赣20160110)","url":"http://app1.sfda.gov.cn/datasearch/face3/content.jsp?tableId=34&tableName=TABLE34&tableView=药品生产企业&Id=5626"},{"name":"1454.江西青春康源制药有限公司 (赣20160111)","url":"http://app1.sfda.gov.cn/datasearch/face3/content.jsp?tableId=34&tableName=TABLE34&tableView=药品生产企业&Id=5628"},{"name":"1455.江西国都中药饮片有限公司 (赣20160112)","url":"http://app1.sfda.gov.cn/datasearch/face3/content.jsp?tableId=34&tableName=TABLE34&tableView=药品生产企业&Id=5630"},{"name":"1456.江西德成制药有限公司 (赣20160113)","url":"http://app1.sfda.gov.cn/datasearch/face3/content.jsp?tableId=34&tableName=TABLE34&tableView=药品生产企业&Id=5632"},{"name":"1457.广西一诺上品中药饮片有限公司 (桂20160082)","url":"http://app1.sfda.gov.cn/datasearch/face3/content.jsp?tableId=34&tableName=TABLE34&tableView=药品生产企业&Id=5634"},{"name":"1458.广西裕源药业有限公司 (桂20160031)","url":"http://app1.sfda.gov.cn/datasearch/face3/content.jsp?tableId=34&tableName=TABLE34&tableView=药品生产企业&Id=5886"},{"name":"1459.桂林华信制药有限公司 (桂20160032)","url":"http://app1.sfda.gov.cn/datasearch/face3/content.jsp?tableId=34&tableName=TABLE34&tableView=药品生产企业&Id=5888"},{"name":"1460.江西轩豪中药饮片有限公司 (赣20150006)","url":"http://app1.sfda.gov.cn/datasearch/face3/content.jsp?tableId=34&tableName=TABLE34&tableView=药品生产企业&Id=5890"},{"name":"1461.江西宏洁中药饮片有限公司 (赣20150007)","url":"http://app1.sfda.gov.cn/datasearch/face3/content.jsp?tableId=34&tableName=TABLE34&tableView=药品生产企业&Id=5892"},{"name":"1462.樟树市仁德中药饮片有限公司 (赣20150008)","url":"http://app1.sfda.gov.cn/datasearch/face3/content.jsp?tableId=34&tableName=TABLE34&tableView=药品生产企业&Id=5894"},{"name":"1463.江西和明制药有限公司 (赣20150009)","url":"http://app1.sfda.gov.cn/datasearch/face3/content.jsp?tableId=34&tableName=TABLE34&tableView=药品生产企业&Id=5896"},{"name":"1464.桂林中族中药股份有限公司 (桂20160029)","url":"http://app1.sfda.gov.cn/datasearch/face3/content.jsp?tableId=34&tableName=TABLE34&tableView=药品生产企业&Id=5882"},{"name":"1465.石药控股集团广西泰诺制药有限公司 (桂20160030)","url":"http://app1.sfda.gov.cn/datasearch/face3/content.jsp?tableId=34&tableName=TABLE34&tableView=药品生产企业&Id=5884"},{"name":"1466.天津乐敦中药有限公司 (津20150056)","url":"http://app1.sfda.gov.cn/datasearch/face3/content.jsp?tableId=34&tableName=TABLE34&tableView=药品生产企业&Id=6230"},{"name":"1467.天津金虹胜利药业有限公司 (津20150057)","url":"http://app1.sfda.gov.cn/datasearch/face3/content.jsp?tableId=34&tableName=TABLE34&tableView=药品生产企业&Id=6232"},{"name":"1468.天津海光药业股份有限公司 (津20150058)","url":"http://app1.sfda.gov.cn/datasearch/face3/content.jsp?tableId=34&tableName=TABLE34&tableView=药品生产企业&Id=6234"},{"name":"1469.天津市康瑞药业有限公司 (津20150063)","url":"http://app1.sfda.gov.cn/datasearch/face3/content.jsp?tableId=34&tableName=TABLE34&tableView=药品生产企业&Id=6236"},{"name":"1470.天津市红山石油化工有限公司 (津20150064)","url":"http://app1.sfda.gov.cn/datasearch/face3/content.jsp?tableId=34&tableName=TABLE34&tableView=药品生产企业&Id=6238"},{"name":"1471.朗致集团万荣药业有限公司 (晋20160037)","url":"http://app1.sfda.gov.cn/datasearch/face3/content.jsp?tableId=34&tableName=TABLE34&tableView=药品生产企业&Id=6240"},{"name":"1472.临汾奇林药业有限公司 (晋20160038)","url":"http://app1.sfda.gov.cn/datasearch/face3/content.jsp?tableId=34&tableName=TABLE34&tableView=药品生产企业&Id=6242"},{"name":"1473.山西津华晖星制药有限公司 (晋20160039)","url":"http://app1.sfda.gov.cn/datasearch/face3/content.jsp?tableId=34&tableName=TABLE34&tableView=药品生产企业&Id=6244"},{"name":"1474.山西康欣药业有限公司 (晋20160040)","url":"http://app1.sfda.gov.cn/datasearch/face3/content.jsp?tableId=34&tableName=TABLE34&tableView=药品生产企业&Id=6246"},{"name":"1475.山西汾河制药有限公司 (晋20160041)","url":"http://app1.sfda.gov.cn/datasearch/face3/content.jsp?tableId=34&tableName=TABLE34&tableView=药品生产企业&Id=6248"},{"name":"1476.北京同仁堂股份有限公司同仁堂药酒厂 (京20150074)","url":"http://app1.sfda.gov.cn/datasearch/face3/content.jsp?tableId=34&tableName=TABLE34&tableView=药品生产企业&Id=6250"},{"name":"1477.河北祁一堂药业有限公司 (冀20130015)","url":"http://app1.sfda.gov.cn/datasearch/face3/content.jsp?tableId=34&tableName=TABLE34&tableView=药品生产企业&Id=5304"},{"name":"1478.太阳石（唐山）药业有限公司 (冀20150064)","url":"http://app1.sfda.gov.cn/datasearch/face3/content.jsp?tableId=34&tableName=TABLE34&tableView=药品生产企业&Id=5306"},{"name":"1479.河北三九爱德福药业有限公司 (冀20150065)","url":"http://app1.sfda.gov.cn/datasearch/face3/content.jsp?tableId=34&tableName=TABLE34&tableView=药品生产企业&Id=5308"},{"name":"1480.河北康芝制药有限公司 (冀20150066)","url":"http://app1.sfda.gov.cn/datasearch/face3/content.jsp?tableId=34&tableName=TABLE34&tableView=药品生产企业&Id=5310"},{"name":"1481.河北万邦复临药业有限公司 (冀20150067)","url":"http://app1.sfda.gov.cn/datasearch/face3/content.jsp?tableId=34&tableName=TABLE34&tableView=药品生产企业&Id=5312"},{"name":"1482.河北长天药业有限公司 (冀20150063)","url":"http://app1.sfda.gov.cn/datasearch/face3/content.jsp?tableId=34&tableName=TABLE34&tableView=药品生产企业&Id=5314"},{"name":"1483.河北赛克药业有限公司 (冀20150068)","url":"http://app1.sfda.gov.cn/datasearch/face3/content.jsp?tableId=34&tableName=TABLE34&tableView=药品生产企业&Id=5316"},{"name":"1484.沧州得能制药有限公司 (冀20150069)","url":"http://app1.sfda.gov.cn/datasearch/face3/content.jsp?tableId=34&tableName=TABLE34&tableView=药品生产企业&Id=5318"},{"name":"1485.河北东风药业有限公司 (冀20150070)","url":"http://app1.sfda.gov.cn/datasearch/face3/content.jsp?tableId=34&tableName=TABLE34&tableView=药品生产企业&Id=5320"}]